,latitude,longitude,venta_frutas,venta_verduras,superficie_bodega,num_personas,hora_apertura_semana,hora_cierre_semana,abre_fin_de_semana,horario_atencion_igual,hora_apertura_fin_de_semana,hora_cierre_fin_de_semana,num_entregas_general,num_recojos_general,num_lugares,num_entregas_fv,num_recojos_fv,lugar_principal,vehiculo_recojo,vehiculo_recojo_other,num_viajes_lugar_principal,cant_carga,cant_sku,cadena_frio,cant_merma,motivo_si_oferta,motivo_si_oferta_other,motivo_no_oferta,motivo_no_oferta_other,gps_altitude,ventaFyV,in_food_desert,distrito,distance_to_market,dist_2closest_mkt,NSE07,population,betweenness_centrality_avg,kopt+0_Clusters,zone,hora_apertura_semana (hour),hora_apertura_semana (minute),hora_apertura_semana (seconds),hora_cierre_semana (hour),hora_cierre_semana (minute),hora_cierre_semana (seconds),hora_apertura_fin_de_semana (hour),hora_apertura_fin_de_semana (minute),hora_apertura_fin_de_semana (seconds),hora_cierre_fin_de_semana (hour),hora_cierre_fin_de_semana (minute),hora_cierre_fin_de_semana (seconds),vende_FyV,geometry,place_lon,place_lat,Time to market (mins),Taxi price
0,-12.038805,-76.947609,1,1,,,,,,,,,,,,,,,,,,0,0,0,0,0,0,0,0,0,0,0,0,0,0,0,,0,0,0,,,,,,,,,,,,0,,,,,,
1,-11.96299,-77.01987,1,1,9,,,,,,,,11,1,2,1,1,Mercado Minorista - La Parada,Taxi,,1,30,15,1,5,Otros,,Otros,,,Vende frutas y verduras,True,SAN JUAN DE LURIGANCHO,14.233,1127.51960711329,BA,16916,0.074221422,1,east_lima,,,,,,,,,,,,,1,POINT (-77.011133994866 -12.0642529),-77.011133994866,-12.0642529,40.9666666666667,12.7168885966667
2,-12.00862,-76.9768,1,1,9,,,,,,,,11,1,2,1,1,Mercado Minorista - La Parada,Taxi,,1,30,13,1,5,Otros,,Otros,,,Vende frutas y verduras,True,SAN JUAN DE LURIGANCHO,10.017,1244.46928933518,ME,14704,0.064131851,4,east_lima,,,,,,,,,,,,,1,POINT (-77.011133994866 -12.0642529),-77.011133994866,-12.0642529,26.45,10
3,-12.1183037725028,-77.024741805555,0,1,2,1,09:30:00,19:00:00,yes,yes,09:30:00,19:00:00,0,7,1,0,7,Mercado Minorista - La Parada,Taxi,,7,12,15,0,3.52103111508551,Los clientes piden FyVs,,Otros,,107.75049761786,Vende solo verduras,False,SURQUILLO,9.682,23.0360335324216,ME,36397,0.052855204,6,center_lima,9,30,0,19,0,0,9,30,0,19,0,0,1,POINT (-77.011133994866 -12.0642529),-77.011133994866,-12.0642529,22.9833333333333,10
4,-12.1181670354057,-77.0248215099537,0,1,1,1,08:00:00,16:30:00,yes,yes,08:00:00,16:00:00,0,7,1,0,7,Mercado Minorista - La Parada,Taxi,,7,20,14,0,2,Los clientes piden FyVs,,Otros,,107.977168929022,Vende solo verduras,False,SURQUILLO,9.698,9.22513661897526,MA,36397,0.052855204,6,center_lima,8,0,0,16,30,0,8,0,0,16,0,0,1,POINT (-77.011133994866 -12.0642529),-77.011133994866,-12.0642529,23.0666666666667,10
5,-12.1180752399848,-77.0248208076341,0,1,4,2,08:00:00,19:00:00,yes,yes,08:00:00,19:00:00,0,7,1,0,7,Mercado Minorista - La Parada,Taxi,,7,100,25,0,10,Los clientes piden FyVs,,Otros,,108.328608654138,Vende solo verduras,False,SURQUILLO,9.708,5.6845186883795,MA,36397,0.052855204,6,center_lima,8,0,0,19,0,0,8,0,0,19,0,0,1,POINT (-77.011133994866 -12.0642529),-77.011133994866,-12.0642529,23.1166666666667,10
6,-12.1181355927603,-77.0248775676824,1,1,9,3,17:00:00,21:00:00,yes,yes,17:00:00,21:00:00,0,6,1,0,7,Mercado Minorista - La Parada,Taxi,,6,200,35,0,30,Los clientes piden FyVs,,Otros,,107.887814275119,Vende frutas y verduras,False,SURQUILLO,9.703,12.0188253627486,MA,36397,0.052855204,6,center_lima,17,0,0,21,0,0,17,0,0,21,0,0,1,POINT (-77.011133994866 -12.0642529),-77.011133994866,-12.0642529,23.0833333333333,10
7,-12.1181272350339,-77.0249688720707,0,1,1,1,08:00:00,16:00:00,yes,yes,08:00:00,16:00:00,0,7,1,0,7,Mercado Minorista - La Parada,Taxi,,7,30,10,0,2,Es fácil adquirir FyVs,,Otros,,107.577236560304,Vende solo verduras,False,SURQUILLO,9.705,21.4622258567713,MA,36397,0.052855204,6,center_lima,8,0,0,16,0,0,8,0,0,16,0,0,1,POINT (-77.011133994866 -12.0642529),-77.011133994866,-12.0642529,23.1,10
8,-12.1179627350455,-77.0249499037889,1,0,1,1,09:00:00,13:00:00,yes,yes,09:00:00,13:00:00,0,7,1,0,7,Mercado Minorista - La Parada,Taxi,,7,10,1,0,1.17621759119615,Los clientes piden FyVs,,Otros,,107.939024267265,Vende solo frutas,False,SURQUILLO,9.723,24.3061392193156,MA,36397,0.052855204,6,center_lima,9,0,0,13,0,0,9,0,0,13,0,0,1,POINT (-77.011133994866 -12.0642529),-77.011133994866,-12.0642529,23.1833333333333,10
9,-12.1183826579911,-77.025101926831,1,1,4,2,09:30:00,16:00:00,yes,no,08:00:00,18:00:00,0,7,1,0,7,Mercado Minorista - La Parada,Taxi,,7,50,20,0,5,Los clientes piden FyVs,,Otros,,106.280338060095,Vende frutas y verduras,False,SURQUILLO,9.68,47.6104443425828,MA,36397,0.052855204,6,center_lima,9,30,0,16,0,0,8,0,0,18,0,0,1,POINT (-77.011133994866 -12.0642529),-77.011133994866,-12.0642529,22.9833333333333,10
10,-12.1183770103347,-77.0250789992041,0,1,4,1,10:00:00,17:30:00,yes,yes,10:00:00,17:30:00,0,6,1,0,6,Mercado Minorista - La Parada,Taxi,,6,80,10,0,6.8151654563179,Los clientes piden FyVs,,Otros,,106.385837578879,Vende solo verduras,False,SURQUILLO,9.68,45.340492337423,ME,36397,0.052855204,6,center_lima,10,0,0,17,30,0,10,0,0,17,30,0,1,POINT (-77.011133994866 -12.0642529),-77.011133994866,-12.0642529,22.9833333333333,10
11,-12.1184299937318,-77.0251120494561,1,1,1,1,10:00:00,17:00:00,yes,yes,10:00:00,17:00:00,0,6,1,0,6,Mercado Minorista - La Parada,Taxi,,6,70,8,0,0.596556161135742,Los clientes piden FyVs,,Otros,,106.251677919525,Vende frutas y verduras,False,SURQUILLO,9.664,52.0001943388072,ME,36397,0.052855204,6,center_lima,10,0,0,17,0,0,10,0,0,17,0,0,1,POINT (-77.011133994866 -12.0642529),-77.011133994866,-12.0642529,22.8833333333333,10
12,-12.1183939573039,-77.0250622168324,1,1,1,1,09:30:00,16:30:00,no,,,,0,5,1,0,5,Mercado Minorista - La Parada,Taxi,,5,50,5,0,7.98777559039645,Es fácil adquirir FyVs,,Otros,,106.466938101632,Vende frutas y verduras,False,SURQUILLO,9.678,45.354545348255,ME,36397,0.052855204,6,center_lima,9,30,0,16,30,0,,,,,,,1,POINT (-77.011133994866 -12.0642529),-77.011133994866,-12.0642529,22.9666666666667,10
13,-12.1184339263193,-77.0250923159891,1,0,1,1,09:00:00,18:00:00,yes,yes,09:00:00,18:00:00,0,6,1,0,6,Mercado Minorista - La Parada,Taxi,,6,90,8,0,6.34891261369656,Es fácil adquirir FyVs,,Otros,,106.337853169291,Vende solo frutas,False,SURQUILLO,9.664,50.8196549053748,ME,36397,0.052855204,6,center_lima,9,0,0,18,0,0,9,0,0,18,0,0,1,POINT (-77.011133994866 -12.0642529),-77.011133994866,-12.0642529,22.8833333333333,10
14,-12.1183676222828,-77.0253408794091,1,0,4,2,08:30:00,19:00:00,yes,yes,08:29:00,19:00:00,1,4,2,1,4,Mercado Minorista - La Parada,Carro particular,,1,200,12,0,10,Los clientes piden FyVs,,Otros,,104.431229557551,Vende solo frutas,False,SURQUILLO,9.552,50.7505547476714,MA,36397,0.052855204,6,center_lima,8,30,0,19,0,0,8,29,0,19,0,0,1,POINT (-77.011133994866 -12.0642529),-77.011133994866,-12.0642529,22.0166666666667,10
15,-12.1184134440887,-77.0248466664189,1,1,4,1,08:12:00,20:00:00,yes,yes,08:03:00,19:00:00,0,6,1,0,6,Mercado Minorista - La Parada,Taxi,,6,50,8,0,2,Es fácil adquirir FyVs,,Otros,,107.236719995064,Vende frutas y verduras,False,SURQUILLO,9.664,35.787929245265,ME,36397,0.052855204,6,center_lima,8,12,0,20,0,0,8,3,0,19,0,0,1,POINT (-77.011133994866 -12.0642529),-77.011133994866,-12.0642529,22.8833333333333,10
16,-12.1184634597422,-77.0244951750676,1,1,2,1,08:01:00,17:00:00,yes,yes,08:00:00,17:03:00,0,7,1,0,7,Mercado Minorista - La Parada,Taxi,,7,80,15,0,5,Los clientes piden FyVs,,Otros,,108.596094469685,Vende frutas y verduras,False,SURQUILLO,9.032,50.5637044279202,ME,36397,0.052855204,6,center_lima,8,1,0,17,0,0,8,0,0,17,3,0,1,POINT (-77.011133994866 -12.0642529),-77.011133994866,-12.0642529,23.9833333333333,10
17,-12.1184000202782,-77.0239138239082,1,1,2,1,07:46:00,16:46:00,yes,yes,19:46:00,16:46:00,0,5,1,0,5,Mercado Minorista - La Parada,Taxi,,5,80,10,0,5,Los clientes piden FyVs,,Otros,,106.874656677246,Vende frutas y verduras,False,SURQUILLO,8.968,99.4365597410053,ME,36397,0.052855204,6,center_lima,7,46,0,16,46,0,19,46,0,16,46,0,1,POINT (-77.011133994866 -12.0642529),-77.011133994866,-12.0642529,23.6,10
18,-12.0712202107668,-77.0901702716947,1,1,,3,07:30:00,19:00:00,yes,yes,,,,,4,5,1,Mercado Minorista - La Parada,Carretilla,,2,30,,0,15,Los clientes piden FyVs,,Otros,,,Vende frutas y verduras,False,SAN MIGUEL,11.823,813.293656410768,MA,10046,0.051596023,5,center_lima,7,30,0,19,0,0,,,,,,,1,POINT (-77.011133994866 -12.0642529),-77.011133994866,-12.0642529,38.7,12.01130583
19,-12.0702838334392,-77.0943538472056,1,1,,3,08:00:00,19:00:00,yes,yes,,,,,1,2,1,Mercado Minorista - La Parada,Otros,Colectivo,1,50,,0,10,Los clientes piden FyVs,,Otros,,,Vende frutas y verduras,False,SAN MIGUEL,16.26,515.075466998743,MA,18243,0.090978976,1,center_lima,8,0,0,19,0,0,,,,,,,1,POINT (-77.011133994866 -12.0642529),-77.011133994866,-12.0642529,36.3666666666667,11.2933412666667
20,-12.0645497717363,-77.1040928088042,1,1,,2,08:00:00,19:00:00,yes,yes,,,,,1,3,1,Mercado Minorista - La Parada,Otros,Colectivo,1,50,,0,10,Los clientes piden FyVs,,Otros,,49.0273917658965,Vende frutas y verduras,False,SAN MIGUEL,15.933,193.539402210897,MA,21618,0.042523365,5,center_lima,8,0,0,19,0,0,,,,,,,1,POINT (-77.011133994866 -12.0642529),-77.011133994866,-12.0642529,34.05,10.57477893
21,-12.1099904377781,-77.0215908810496,1,1,16,2,06:00:00,22:00:00,yes,yes,06:00:00,22:00:00,5,1,2,0,1,Mercado Minorista - La Parada,Carro particular,,1,10,15,0,1,Otros,Están muy cerca al mercado,Otros,,,Vende frutas y verduras,False,SURQUILLO,6.574,124.552126123525,ME,17507,0.057891411,3,center_lima,6,0,0,22,0,0,6,0,0,22,0,0,1,POINT (-77.011133994866 -12.0642529),-77.011133994866,-12.0642529,24.3333333333333,10
22,-12.109937659539,-77.0200358703732,1,1,20,1,07:00:00,23:00:00,yes,no,19:00:00,21:00:00,6,2,1,0,1,Mercado Minorista - La Parada,Taxi,,1,20,10,0,1,Los clientes piden FyVs,,Otros,,,Vende frutas y verduras,False,SURQUILLO,6.729,161.465432204006,ME,17507,0.057891411,3,center_lima,7,0,0,23,0,0,19,0,0,21,0,0,1,POINT (-77.011133994866 -12.0642529),-77.011133994866,-12.0642529,24.3166666666667,10
23,-12.109216137349,-77.0235230773687,1,1,10,2,05:30:00,22:00:00,yes,yes,17:30:00,22:00:00,0,3,1,0,3,Mercado Minorista - La Parada,Taxi,,3,30,16,0,1,Los clientes piden FyVs,,Otros,,,Vende frutas y verduras,False,SURQUILLO,6.685,136.470432584619,ME,22618,0.058136675,6,center_lima,5,30,0,22,0,0,17,30,0,22,0,0,1,POINT (-77.011133994866 -12.0642529),-77.011133994866,-12.0642529,24.55,10
24,-12.1084323279811,-77.010914683342,1,1,32,4,08:00:00,20:00:00,yes,no,08:00:00,16:00:00,4,1,1,4,1,Mercado Minorista - La Parada,Carro particular,,5,,,0,,Los clientes piden FyVs,,Otros,,,Vende frutas y verduras,False,SURQUILLO,6.424,59.0588446920635,ME,16249,0.055758171,3,center_lima,8,0,0,20,0,0,8,0,0,16,0,0,1,POINT (-77.011133994866 -12.0642529),-77.011133994866,-12.0642529,23.5833333333333,10
25,-12.109045,-77.0115922,1,0,18,2,09:00:00,21:00:00,yes,no,10:00:00,16:00:00,4,1,1,4,0,Mercado Minorista - La Parada,Taxi,,4,,,0,,Es fácil adquirir FyVs,,Otros,,150,Vende solo frutas,False,SURQUILLO,6.415,133.617487874323,ME,16249,0.055758171,3,center_lima,9,0,0,21,0,0,10,0,0,16,0,0,1,POINT (-77.011133994866 -12.0642529),-77.011133994866,-12.0642529,23.5166666666667,10
26,-12.1011247253158,-77.0540503040674,1,1,81,6,06:00:00,22:00:00,no,,,,7,0,1,0,7,Mercado Minorista - La Parada,Carro particular,,7,100,20,0,0.128658931694948,Los clientes piden FyVs,,Otros,,75.8421230316162,Vende frutas y verduras,False,SAN ISIDRO,8.478,855.772137601055,AL,25801,0.057861537,3,,6,0,0,22,0,0,,,,,,,1,POINT (-77.011133994866 -12.0642529),-77.011133994866,-12.0642529,28.3166666666667,10
27,-12.0250021247305,-76.998718679023,1,0,4,,,,,,,,0,7,2,0,7,Mercado Minorista - La Parada,Otros,,6,70,30,0,15,Otros,,Otros,,212.059391021729,Vende solo frutas,False,SAN JUAN DE LURIGANCHO,6.666,8.21461945947952,ME,23697,0.058814298,4,east_lima,,,,,,,,,,,,,1,POINT (-77.011133994866 -12.0642529),-77.011133994866,-12.0642529,19.0166666666667,10
28,-12.0114835,-76.9827027,1,1,,,,,,,,,7,2,2,0,3,Mercado Minorista - La Parada,Transporte publico,,4,20,8,0,1,Otros,frutas por temporada,Otros,,305.9,Vende frutas y verduras,False,SAN JUAN DE LURIGANCHO,9.155,629.750052804955,ME,14704,0.064131851,4,east_lima,,,,,,,,,,,,,1,POINT (-77.011133994866 -12.0642529),-77.011133994866,-12.0642529,24.5833333333333,10
29,-12.2173573,-76.9407967,1,1,12,,,,,,,,0,1,2,0,1,Mercado Minorista - La Parada,Taxi,,1,20,3,0,7.56775977750602,Otros,,Otros,,,Vende frutas y verduras,False,VILLA EL SALVADOR,23.188,366.616287614182,MB,8310,0.034458544,4,south_lima,,,,,,,,,,,,,1,POINT (-77.011133994866 -12.0642529),-77.011133994866,-12.0642529,41.75,12.97055748
30,-12.012568744842,-76.9803836849304,1,1,28,,,,,,,,2,3,2,1,2,Mercado Minorista - La Parada,Transporte publico,,2,300,20,0,3,Otros,,Otros,,252.551212310791,Vende frutas y verduras,False,SAN JUAN DE LURIGANCHO,9.533,658.737035755191,MA,14704,0.064131851,4,east_lima,,,,,,,,,,,,,1,POINT (-77.011133994866 -12.0642529),-77.011133994866,-12.0642529,25.0833333333333,10
31,-12.0018677,-76.9969069,1,1,6,,,,,,,,10,1,2,0,2,Mercado Minorista - La Parada,Carro particular,,2,5,12,1,0.5,Los clientes piden FyVs,,Otros,,267.494201660156,Vende frutas y verduras,False,SAN JUAN DE LURIGANCHO,9.152,398.170973580312,ME,22562,0.051028569,4,east_lima,,,,,,,,,,,,,1,POINT (-77.011133994866 -12.0642529),-77.011133994866,-12.0642529,27.3333333333333,10
32,-12.22318,-76.97934,1,1,6,,,,,,,,4,2,1,0,1,Mercado Mayorista Plaza Unicachi Sur,Taxi,,3,20,13,1,0.5,Otros,,Otros,,,Vende frutas y verduras,True,CHORRILLOS,5.899,2204.73473304388,ME,1423,0.143672014,1,south_lima,,,,,,,,,,,,,1,POINT (-76.9646651356116 -12.19929375),-76.9646651356116,-12.19929375,13.3833333333333,10
33,-12.2268,-76.97345,1,1,30,,,,,,,,10,4,1,,4,Mercado Mayorista Plaza Unicachi Sur,Carro particular,,4,200,20,1,5,Otros,,Otros,,,Vende frutas y verduras,True,VILLA EL SALVADOR,6.581,2380.32063649572,ME,1423,0.143672014,1,south_lima,,,,,,,,,,,,,1,POINT (-76.9646651356116 -12.19929375),-76.9646651356116,-12.19929375,12.9,10
34,-12.23089,-76.96677,1,1,25,,,,,,,,8,4,1,0,4,Mercado Mayorista Plaza Unicachi Sur,Camion articulado,,4,128,4,1,4,Otros,,Otros,,,Vende frutas y verduras,True,VILLA EL SALVADOR,7.245,2287.85000121073,ME,1423,0.143672014,1,south_lima,,,,,,,,,,,,,1,POINT (-76.9646651356116 -12.19929375),-76.9646651356116,-12.19929375,13.4166666666667,10
35,-12.1183240514753,-77.0250002424019,1,0,6,3,08:35:00,16:01:00,yes,yes,08:00:00,16:00:00,0,7,1,0,7,Mercado Mayorista Plaza Unicachi Sur,Taxi,,7,80,12,0,7,Los clientes piden FyVs,,Otros,,106.691753502176,Vende solo frutas,False,SURQUILLO,14.796,35.1047190169037,ME,36397,0.052855204,6,center_lima,8,35,0,16,1,0,8,0,0,16,0,0,1,POINT (-76.9646651356116 -12.19929375),-76.9646651356116,-12.19929375,33.4833333333333,10.3977364933333
36,-12.0716624970991,-77.0892526209354,1,1,,1,06:30:00,23:00:00,yes,yes,,,5,4,1,,2,Mercado Mayorista Plaza Unicachi Sur,Taxi,,,,,0,,Otros,,Otros,,,Vende frutas y verduras,False,SAN MIGUEL,28.702,856.300783302687,AL,10046,0.051596023,5,center_lima,6,30,0,23,0,0,,,,,,,1,POINT (-76.9646651356116 -12.19929375),-76.9646651356116,-12.19929375,52.9833333333333,16.4595627533333
37,-12.146917744551,-77.0223338530185,1,1,8,1,07:00:00,21:00:00,yes,yes,07:00:00,21:00:00,0,5,1,0,2,Mercado Mayorista Plaza Unicachi Sur,Carro particular,,2,20,15,0,2,Los clientes piden FyVs,,Otros,,,Vende frutas y verduras,False,BARRANCO,14.38,162.605977976935,MA,17390,0.055573019,3,center_lima,7,0,0,21,0,0,7,0,0,21,0,0,1,POINT (-76.9646651356116 -12.19929375),-76.9646651356116,-12.19929375,35.5,11.0223998
38,-12.1463185642028,-77.0219939668449,1,1,25,6,07:30:00,21:30:00,yes,yes,07:30:00,21:30:00,4,3,2,0,1,Mercado Mayorista Plaza Unicachi Sur,Carretilla,,1,25,15,0,2,Los clientes piden FyVs,,Otros,,,Vende frutas y verduras,False,BARRANCO,14.268,150.263029057532,MA,17390,0.055573019,3,center_lima,7,30,0,21,30,0,7,30,0,21,30,0,1,POINT (-76.9646651356116 -12.19929375),-76.9646651356116,-12.19929375,34.7333333333333,10.7845976133333
39,-12.1551468482336,-77.0210831100481,1,1,2,1,08:30:00,19:00:00,no,,,,2,1,1,1,1,Mercado Mayorista Plaza Unicachi Sur,Carretilla,,1,20,10,0,2,Los clientes piden FyVs,,Otros,,,Vende frutas y verduras,False,BARRANCO,13.54,12.4211877960731,MA,9509,0.058853373,2,center_lima,8,30,0,19,0,0,,,,,,,1,POINT (-76.9646651356116 -12.19929375),-76.9646651356116,-12.19929375,32.95,10.2308834
40,-12.109594436823,-77.020547837019,1,0,12,1,06:00:00,23:00:00,yes,yes,06:00:00,23:00:00,5,0,1,3,0,Mercado Mayorista Plaza Unicachi Sur,Carretilla,,3,5,1,0,1,Otros,Por mayor consumo de plátano.,Otros,,,Vende solo frutas,False,SURQUILLO,14.831,95.1098397618185,ME,17507,0.057891411,3,center_lima,6,0,0,23,0,0,6,0,0,23,0,0,1,POINT (-76.9646651356116 -12.19929375),-76.9646651356116,-12.19929375,34.5,10.71294551
41,-12.1157045219376,-77.0229638367891,1,1,16,2,06:00:00,23:00:00,yes,no,06:30:00,21:30:00,4,1,1,0,3,Mercado Mayorista Plaza Unicachi Sur,Carro particular,,3,10,10,0,1,Los clientes piden FyVs,,Otros,,,Vende frutas y verduras,False,SURQUILLO,15.179,330.115506579668,ME,22618,0.058136675,6,center_lima,6,0,0,23,0,0,6,30,0,21,30,0,1,POINT (-76.9646651356116 -12.19929375),-76.9646651356116,-12.19929375,34.3833333333333,10.6771999233333
42,-12.1151581334046,-76.9999644311194,1,1,15,2,07:00:00,20:00:00,yes,no,08:00:00,21:00:00,1,1,5,0,1,Mercado Mayorista Plaza Unicachi Sur,Carro particular,,1,50,8,1,3,Los clientes piden FyVs,,Otros,,140.935299976141,Vende frutas y verduras,False,SURQUILLO,16.429,462.742276383845,MA,11374,0.045820113,2,center_lima,7,0,0,20,0,0,8,0,0,21,0,0,1,POINT (-76.9646651356116 -12.19929375),-76.9646651356116,-12.19929375,29.0333333333333,10
43,-12.0911282735856,-77.036468423903,1,0,36,3,07:00:00,10:00:00,yes,,07:00:00,11:00:00,20,1,1,0,2,Mercado Mayorista Plaza Unicachi Sur,Carro particular,,1,20,6,1,2,Otros,Venta de jugos,Otros,,,Vende solo frutas,False,SAN ISIDRO,21.894,632.141901410797,AL,34690,0.050029809,3,,7,0,0,10,0,0,7,0,0,11,0,0,1,POINT (-76.9646651356116 -12.19929375),-76.9646651356116,-12.19929375,32.8,10.19449174
44,-12.1037484371928,-77.0361713692546,1,0,21,2,07:00:00,10:30:00,yes,yes,08:00:00,14:00:00,15,0,1,0,1,Mercado Mayorista Plaza Unicachi Sur,Carro particular,,1,20,5,0,1,Los clientes piden FyVs,,Otros,,,Vende solo frutas,True,SAN ISIDRO,22.934,1403.56186897405,AL,29498,0.071618119,3,,7,0,0,10,30,0,8,0,0,14,0,0,1,POINT (-76.9646651356116 -12.19929375),-76.9646651356116,-12.19929375,38.45,11.94725014
45,-12.1025038501921,-77.0307034414446,1,1,20,2,07:00:00,10:30:00,yes,no,08:00:00,13:00:00,15,6,1,0,6,Mercado Mayorista Plaza Unicachi Sur,Carro particular,,2,45,21,0,3,Los clientes piden FyVs,,Otros,,121.636949504127,Vende frutas y verduras,True,SAN ISIDRO,22.147,1034.88395661132,MA,18539,0.054230961,3,,7,0,0,10,30,0,8,0,0,13,0,0,1,POINT (-76.9646651356116 -12.19929375),-76.9646651356116,-12.19929375,32.5833333333333,10.1276312033333
46,-12.1031200001884,-77.0306493714452,1,0,60,4,,,yes,,06:00:00,11:00:00,18,2,1,0,4,Mercado Mayorista Plaza Unicachi Sur,Carro particular,,2,30,8,1,0.5,Los clientes piden FyVs,,Otros,,,Vende solo frutas,False,SAN ISIDRO,22.079,978.546248547908,MA,18539,0.054230961,3,,,,,,,,6,0,0,11,0,0,1,POINT (-76.9646651356116 -12.19929375),-76.9646651356116,-12.19929375,32.3666666666667,10.0603822566667
47,-12.1006773757606,-77.0308713242412,1,1,20,3,08:00:00,23:30:00,yes,,08:00:00,22:30:00,18,2,1,0,2,Mercado Mayorista Plaza Unicachi Sur,Carro particular,,2,35,23,1,2,Los clientes piden FyVs,,Otros,,,Vende frutas y verduras,True,SAN ISIDRO,21.969,1209.69225797131,AL,18539,0.054230961,3,,8,0,0,23,30,0,8,0,0,22,30,0,1,POINT (-76.9646651356116 -12.19929375),-76.9646651356116,-12.19929375,32.9,10.22558249
48,-12.0985910794812,-77.0308394730091,1,1,25,3,07:00:00,22:00:00,yes,no,09:00:00,18:00:00,18,0,1,0,3,Mercado Mayorista Plaza Unicachi Sur,Carro particular,,2,30,22,1,2,Los clientes piden FyVs,,Otros,,,Vende frutas y verduras,True,SAN ISIDRO,22.235,1150.486944911,MA,18539,0.054230961,3,,7,0,0,22,0,0,9,0,0,18,0,0,1,POINT (-76.9646651356116 -12.19929375),-76.9646651356116,-12.19929375,33.95,10.55140435
49,-12.1062205290335,-77.0563405522146,1,1,81,3,08:00:00,20:00:00,yes,yes,,,2,2,2,1,1,Mercado Mayorista Plaza Unicachi Sur,Taxi,,1,10,6,0,2,No hay otros sitios cerca que ofrezcan FyVs,,Otros,,69.7678909301758,Vende frutas y verduras,False,SAN ISIDRO,22.495,414.119466164349,AL,25801,0.057861537,3,,8,0,0,20,0,0,,,,,,,1,POINT (-76.9646651356116 -12.19929375),-76.9646651356116,-12.19929375,42.6166666666667,13.2383856166667
50,-12.0625492371731,-76.94141672,1,1,12,1,07:30:00,22:00:00,yes,yes,,,2,2,1,,1,Mercado Mayorista Plaza Unicachi Sur,Carro particular,,1,70,10,1,12,Los clientes piden FyVs,,Otros,,270.536319732666,Vende frutas y verduras,False,LA MOLINA,21.35,128.077442108318,MA,10171,0.063682917,2,east_lima,7,30,0,22,0,0,,,,,,,1,POINT (-76.9646651356116 -12.19929375),-76.9646651356116,-12.19929375,35.65,11.0773335
51,-12.05894803,-76.9430035,1,1,12,3,07:00:00,21:00:00,yes,yes,,,3,0,1,0,1,Mercado Mayorista Plaza Unicachi Sur,Carro particular,,1,80,16,1,8,Los clientes piden FyVs,,Otros,,,Vende frutas y verduras,False,ATE,21.358,47.051117872874,MA,10171,0.063682917,2,east_lima,7,0,0,21,0,0,,,,,,,1,POINT (-76.9646651356116 -12.19929375),-76.9646651356116,-12.19929375,35.9166666666667,11.1600098466667
52,-12.0527110701794,-76.9426219537854,1,0,15,1,07:30:00,20:30:00,no,,,,1,1,1,0,2,Mercado Mayorista Plaza Unicachi Sur,Carretilla,,2,50,15,1,3,Es fácil adquirir FyVs,,Otros,,,Vende solo frutas,False,ATE,21.403,200.740878740894,ME,11725,0.069153469,2,east_lima,7,30,0,20,30,0,,,,,,,1,POINT (-76.9646651356116 -12.19929375),-76.9646651356116,-12.19929375,36.2166666666667,11.2530642966667
53,-12.0536383281218,-76.9517129659653,1,1,20,2,06:00:00,22:00:00,yes,,,,2,1,1,0,2,Mercado Mayorista Plaza Unicachi Sur,Carro particular,,2,150,30,1,10,Los clientes piden FyVs,,Otros,,,Vende frutas y verduras,False,ATE,20.733,288.697000351868,ME,11193,0.06780949,2,east_lima,6,0,0,22,0,0,,,,,,,1,POINT (-76.9646651356116 -12.19929375),-76.9646651356116,-12.19929375,34.4,10.68908693
54,-12.0551479,-76.95705224,1,1,9,2,07:00:00,22:00:00,yes,yes,,,1,1,1,0,1,Mercado Mayorista Plaza Unicachi Sur,Carretilla,,1,30,10,1,2,Los clientes piden FyVs,,Otros,,,Vende frutas y verduras,False,ATE,20.947,210.613883184904,ME,11193,0.06780949,2,east_lima,7,0,0,22,0,0,,,,,,,1,POINT (-76.9646651356116 -12.19929375),-76.9646651356116,-12.19929375,34.6,10.75134587
55,-12.0448083,-76.9347367,1,0,12,1,19:30:00,21:30:00,yes,yes,,,2,1,1,0,2,Mercado Mayorista Plaza Unicachi Sur,Transporte publico,,2,30,10,0,7,Los clientes piden FyVs,,Otros,,320.2,Vende solo frutas,False,ATE,23.714,503.897046387007,ME,8138,0.103988604,2,east_lima,19,30,0,21,30,0,,,,,,,1,POINT (-76.9646651356116 -12.19929375),-76.9646651356116,-12.19929375,40.3333333333333,12.5320272733333
56,-12.0444377,-76.9346542,0,1,28,1,07:30:00,21:00:00,yes,yes,,,3,1,1,0,2,Mercado Mayorista Plaza Unicachi Sur,Camion simple,,2,50,8,0,4,Los clientes piden FyVs,,Otros,,,Vende solo verduras,False,ATE,23.122,505.566381726813,ME,9829,0.057316138,5,east_lima,7,30,0,21,0,0,,,,,,,1,POINT (-76.9646651356116 -12.19929375),-76.9646651356116,-12.19929375,39.4333333333333,12.2523109533333
57,-12.0535777,-76.9408926,1,1,84,1,07:00:00,21:00:00,yes,yes,,,2,2,2,0,2,Mercado Mayorista Plaza Unicachi Sur,Carretilla,,1,80,12,1,10,Los clientes piden FyVs,,Otros,,,Vende frutas y verduras,False,ATE,21.231,11.6438545564623,MA,10171,0.063682917,2,east_lima,7,0,0,21,0,0,,,,,,,1,POINT (-76.9646651356116 -12.19929375),-76.9646651356116,-12.19929375,34.85,10.82918951
58,-12.0582943,-76.9438755,1,1,15,2,08:00:00,23:00:00,yes,yes,,,2,1,1,1,1,Mercado Mayorista Plaza Unicachi Sur,Carro particular,,1,80,33,1,15,Los clientes piden FyVs,,Otros,,,Vende frutas y verduras,False,LA MOLINA,20.807,164.652333103169,MA,10171,0.063682917,2,east_lima,8,0,0,23,0,0,,,,,,,1,POINT (-76.9646651356116 -12.19929375),-76.9646651356116,-12.19929375,33.8833333333333,10.5290098033333
59,-12.0625892,-76.9414064,1,1,30,1,07:00:00,21:00:00,yes,yes,,,1,1,1,0,1,Mercado Mayorista Plaza Unicachi Sur,Carro particular,,1,60,12,1,10,Los clientes piden FyVs,,Otros,,,Vende frutas y verduras,False,LA MOLINA,21.354,124.54510127046,MA,10171,0.063682917,2,east_lima,7,0,0,21,0,0,,,,,,,1,POINT (-76.9646651356116 -12.19929375),-76.9646651356116,-12.19929375,35.6666666666667,11.0825050066667
60,-12.1119845296894,-76.9700435176492,1,1,72,3,07:00:00,22:30:00,yes,yes,07:00:00,22:30:00,4,5,1,0,5,Mercado Mayorista Plaza Unicachi Sur,Carro particular,,5,50,35,1,0.5,Los clientes piden FyVs,,Otros,,,Vende frutas y verduras,False,SANTIAGO DE SURCO,12.649,359.779609186715,AL,13772,0.054290562,2,center_lima,7,0,0,22,30,0,7,0,0,22,30,0,1,POINT (-76.9646651356116 -12.19929375),-76.9646651356116,-12.19929375,20.8166666666667,10
61,-12.1106185308037,-76.9710832089186,1,1,63,3,07:30:00,22:00:00,yes,yes,07:30:00,22:00:00,3,4,1,0,4,Mercado Mayorista Plaza Unicachi Sur,Taxi,,4,50,27,0,2,Los clientes piden FyVs,,Otros,,,Vende frutas y verduras,False,SANTIAGO DE SURCO,12.702,214.530855922435,AL,13772,0.054290562,2,center_lima,7,30,0,22,0,0,7,30,0,22,0,0,1,POINT (-76.9646651356116 -12.19929375),-76.9646651356116,-12.19929375,20.9833333333333,10
62,-12.1256759302358,-76.9830106571317,1,1,81,3,08:00:00,22:00:00,yes,yes,08:00:00,22:00:00,4,4,1,0,4,Mercado Mayorista Plaza Unicachi Sur,Carro particular,,4,50,31,1,1,Los clientes piden FyVs,,Otros,,,Vende frutas y verduras,True,SANTIAGO DE SURCO,11.544,1648.13275499901,AL,5875,0.05759034,2,center_lima,8,0,0,22,0,0,8,0,0,22,0,0,1,POINT (-76.9646651356116 -12.19929375),-76.9646651356116,-12.19929375,22.7166666666667,10
63,-12.1255058041359,-76.9832272455096,1,1,72,3,08:00:00,22:00:00,yes,yes,08:00:00,22:00:00,5,3,1,0,3,Mercado Mayorista Plaza Unicachi Sur,Carro particular,,3,60,32,1,2,Los clientes piden FyVs,,Otros,,,Vende frutas y verduras,True,SANTIAGO DE SURCO,11.514,1628.7795836642,AL,11112,0.06696263,2,center_lima,8,0,0,22,0,0,8,0,0,22,0,0,1,POINT (-76.9646651356116 -12.19929375),-76.9646651356116,-12.19929375,22.65,10
64,-12.1213929152828,-76.9882909208536,1,1,56,3,08:00:00,23:00:00,yes,yes,08:00:00,23:00:00,3,4,1,0,4,Mercado Mayorista Plaza Unicachi Sur,Taxi,,4,50,25,0,1,Los clientes piden FyVs,,Otros,,,Vende frutas y verduras,True,SANTIAGO DE SURCO,12.302,1071.5027668616,MA,12435,0.056298673,2,center_lima,8,0,0,23,0,0,8,0,0,23,0,0,1,POINT (-76.9646651356116 -12.19929375),-76.9646651356116,-12.19929375,26,10
65,-12.1209530058268,-76.9881172478199,1,1,42,2,08:00:00,23:00:00,yes,yes,08:00:00,23:00:00,3,3,1,0,3,Mercado Mayorista Plaza Unicachi Sur,Taxi,,3,40,20,0,3,Los clientes piden FyVs,,Otros,,,Vende frutas y verduras,True,SANTIAGO DE SURCO,12.3,1085.80708258575,AL,12435,0.056298673,2,center_lima,8,0,0,23,0,0,8,0,0,23,0,0,1,POINT (-76.9646651356116 -12.19929375),-76.9646651356116,-12.19929375,26.0166666666667,10
66,-12.1143329693202,-76.9734298065305,1,1,72,8,07:00:00,23:00:00,yes,yes,07:00:00,23:00:00,5,3,1,0,3,Mercado Mayorista Plaza Unicachi Sur,Taxi,,3,100,30,1,4,Los clientes piden FyVs,,Otros,,,Vende frutas y verduras,False,SANTIAGO DE SURCO,12.089,95.0143861286717,AL,13772,0.054290562,2,center_lima,7,0,0,23,0,0,7,0,0,23,0,0,1,POINT (-76.9646651356116 -12.19929375),-76.9646651356116,-12.19929375,18.9833333333333,10
67,-12.1137379938971,-76.973314806819,1,1,45,2,06:00:00,21:00:00,yes,yes,06:00:00,21:00:00,9,7,1,0,3,Mercado Mayorista Plaza Unicachi Sur,Taxi,,3,30,30,1,2,Los clientes piden FyVs,,Otros,,,Vende frutas y verduras,False,SANTIAGO DE SURCO,12.193,82.7728159164209,AL,13772,0.054290562,2,center_lima,6,0,0,21,0,0,6,0,0,21,0,0,1,POINT (-76.9646651356116 -12.19929375),-76.9646651356116,-12.19929375,19.3333333333333,10
68,-12.1383131440679,-76.9817838817835,1,1,72,5,08:00:00,22:00:00,yes,yes,08:00:00,22:00:00,4,4,1,0,4,Mercado Mayorista Plaza Unicachi Sur,Carro particular,,4,55,36,1,3,Los clientes piden FyVs,,Otros,,,Vende frutas y verduras,False,SANTIAGO DE SURCO,10.074,283.307477747009,MA,5875,0.05759034,2,center_lima,8,0,0,22,0,0,8,0,0,22,0,0,1,POINT (-76.9646651356116 -12.19929375),-76.9646651356116,-12.19929375,19.8,10
69,-12.1105631301735,-76.9711402058601,1,1,42,2,07:00:00,22:00:00,yes,yes,07:00:00,22:00:00,12,7,1,0,7,Mercado Mayorista Plaza Unicachi Sur,Taxi,,7,50,24,1,1,Los clientes piden FyVs,,Otros,,,Vende frutas y verduras,False,SANTIAGO DE SURCO,12.711,210.550795629369,AL,13772,0.054290562,2,center_lima,7,0,0,22,0,0,7,0,0,22,0,0,1,POINT (-76.9646651356116 -12.19929375),-76.9646651356116,-12.19929375,21.0166666666667,10
70,-12.1255661186037,-76.9837499409914,1,1,36,2,07:00:00,21:00:00,yes,yes,07:00:00,21:00:00,3,3,1,0,3,Mercado Mayorista Plaza Unicachi Sur,Taxi,,3,35,20,1,2,No hay otros sitios cerca que ofrezcan FyVs,,Otros,,,Vende frutas y verduras,True,SANTIAGO DE SURCO,11.408,1571.72938116492,AL,11112,0.06696263,2,center_lima,7,0,0,21,0,0,7,0,0,21,0,0,1,POINT (-76.9646651356116 -12.19929375),-76.9646651356116,-12.19929375,21.9,10
71,-12.1214034049182,-76.9938280060887,1,1,81,8,08:00:00,23:00:00,yes,yes,08:00:00,23:00:00,7,7,1,0,7,Mercado Mayorista Plaza Unicachi Sur,Carro particular,,7,80,35,1,3,Los clientes piden FyVs,,Otros,,,Vende frutas y verduras,False,SANTIAGO DE SURCO,12.464,478.202991798537,MA,12435,0.056298673,2,center_lima,8,0,0,23,0,0,8,0,0,23,0,0,1,POINT (-76.9646651356116 -12.19929375),-76.9646651356116,-12.19929375,26.5,10
72,-12.139404650256,-76.989777199924,1,1,81,2,08:00:00,23:30:00,yes,yes,08:00:00,23:30:00,7,2,1,0,2,Mercado Mayorista Plaza Unicachi Sur,Taxi,,2,70,25,1,7.48906633872899,Los clientes piden FyVs,,Otros,,,Vende frutas y verduras,False,SANTIAGO DE SURCO,10.097,728.551644125539,AL,10342,0.043080842,2,center_lima,8,0,0,23,30,0,8,0,0,23,30,0,1,POINT (-76.9646651356116 -12.19929375),-76.9646651356116,-12.19929375,19.7,10
73,-12.1395403507128,-76.9896363839507,1,1,72,2,06:00:00,00:00:00,yes,yes,06:00:00,00:00:00,2,2,2,0,2,Mercado Mayorista Plaza Unicachi Sur,Carro particular,,2,55,20,1,1.90808369427272,Los clientes piden FyVs,,Otros,,,Vende frutas y verduras,False,SANTIAGO DE SURCO,10.131,710.336651727784,AL,10342,0.043080842,2,center_lima,6,0,0,0,0,0,6,0,0,0,0,0,1,POINT (-76.9646651356116 -12.19929375),-76.9646651356116,-12.19929375,19.8,10
74,-12.1392909109311,-76.9886023923755,1,1,42,3,08:30:00,22:30:00,yes,yes,08:30:00,22:30:00,6,2,1,0,2,Mercado Mayorista Plaza Unicachi Sur,Carro particular,,2,44,24,1,1,Los clientes piden FyVs,,Otros,,,Vende frutas y verduras,False,SANTIAGO DE SURCO,9.954,683.988363751519,MA,10342,0.043080842,2,center_lima,8,30,0,22,30,0,8,30,0,22,30,0,1,POINT (-76.9646651356116 -12.19929375),-76.9646651356116,-12.19929375,19.75,10
75,-12.1386428908533,-76.9883911684155,1,1,81,8,07:00:00,23:00:00,yes,yes,07:00:00,23:00:00,7,3,1,0,3,Mercado Mayorista Plaza Unicachi Sur,Carro particular,,3,100,40,1,4.4911948925485,Los clientes piden FyVs,,Otros,,,Vende frutas y verduras,False,SANTIAGO DE SURCO,10.028,683.010411802698,MA,10342,0.043080842,2,center_lima,7,0,0,23,0,0,7,0,0,23,0,0,1,POINT (-76.9646651356116 -12.19929375),-76.9646651356116,-12.19929375,20.1666666666667,10
76,-12.1085942695447,-76.9713779166341,1,1,63,3,07:00:00,23:00:00,yes,yes,07:00:00,23:00:00,3,3,1,0,3,Mercado Mayorista Plaza Unicachi Sur,Taxi,,3,50,32,1,1,Los clientes piden FyVs,,Otros,,,Vende frutas y verduras,False,SANTIAGO DE SURCO,14.254,84.3895607215897,MA,13772,0.054290562,2,center_lima,7,0,0,23,0,0,7,0,0,23,0,0,1,POINT (-76.9646651356116 -12.19929375),-76.9646651356116,-12.19929375,26.4666666666667,10
77,-12.1331987388405,-76.997869759798,1,1,20,1,08:00:00,21:00:00,yes,yes,08:00:00,21:00:00,1,1,1,1,1,Mercado Mayorista Plaza Unicachi Sur,Carro particular,,1,20,20,0,2,Otros,Por que la competencia lo hizo,Otros,,,Vende frutas y verduras,False,SANTIAGO DE SURCO,10.778,515.128702677583,MA,17126,0.073298195,3,center_lima,8,0,0,21,0,0,8,0,0,21,0,0,1,POINT (-76.9646651356116 -12.19929375),-76.9646651356116,-12.19929375,21.7666666666667,10
78,-12.2361517,-76.961844,1,0,,,,,,,,,1,2,1,0,1,Mercado Mayorista Plaza Unicachi Sur,Taxi,,1,4,1,1,6.2859212532576,Otros,,Otros,,31,Vende solo frutas,True,VILLA EL SALVADOR,8.253,1915.0431741812,ME,2298,0.089241285,1,south_lima,,,,,,,,,,,,,1,POINT (-76.9646651356116 -12.19929375),-76.9646651356116,-12.19929375,15.9166666666667,10
79,-12.2300474,-76.975334,1,0,,,,,,,,,3,7,3,1,7,Mercado Mayorista Plaza Unicachi Sur,Carro particular,,5,20,2,1,0.8,Otros,,Otros,,41.2885894933715,Vende solo frutas,True,VILLA EL SALVADOR,6.996,2772.24222034825,ME,1423,0.143672014,1,south_lima,,,,,,,,,,,,,1,POINT (-76.9646651356116 -12.19929375),-76.9646651356116,-12.19929375,14.0666666666667,10
80,-12.237469,-76.9576031,1,1,,,,,,,,,0,7,1,0,7,Mercado Mayorista Plaza Unicachi Sur,Carro particular,,7,10,8,1,2,Otros,,Otros,,,Vende frutas y verduras,True,VILLA EL SALVADOR,9.479,1582.8412875835,ME,2298,0.089241285,1,south_lima,,,,,,,,,,,,,1,POINT (-76.9646651356116 -12.19929375),-76.9646651356116,-12.19929375,16.8833333333333,10
81,-12.2383396,-76.9561046,1,1,12,,,,,,,,3,1,2,3,0,Mercado Mayorista Plaza Unicachi Sur,Carro particular,,1,10,7,1,2.5,Otros,,Otros,,,Vende frutas y verduras,True,VILLA EL SALVADOR,9.276,1515.00917674541,ME,2298,0.089241285,1,south_lima,,,,,,,,,,,,,1,POINT (-76.9646651356116 -12.19929375),-76.9646651356116,-12.19929375,16.25,10
82,-12.2182451,-76.944125,1,0,9,,,,,,,,1,1,1,0,1,Mercado Mayorista Plaza Unicachi Sur,Transporte publico,,1,3,5,1,0.823392567524018,Otros,Por tiempo de colegio,Otros,,201,Vende solo frutas,False,VILLA EL SALVADOR,4.243,340.451739605519,MB,8310,0.034458544,4,south_lima,,,,,,,,,,,,,1,POINT (-76.9646651356116 -12.19929375),-76.9646651356116,-12.19929375,10.2833333333333,10
83,-12.2133189,-76.9425769,1,1,12,,,,,,,,1,2,1,0,1,Mercado Mayorista Plaza Unicachi Sur,Otros,mototaxi,2,20,7,1,4.20081602843747,Otros,Para que la bodega sea surtida,Otros,,185,Vende frutas y verduras,False,VILLA EL SALVADOR,3.728,360.602991892221,ME,8310,0.034458544,4,south_lima,,,,,,,,,,,,,1,POINT (-76.9646651356116 -12.19929375),-76.9646651356116,-12.19929375,9.03333333333333,10
84,-12.2117884,-76.9443781,1,1,9,,,,,,,,3,6,1,0,6,Mercado Mayorista Plaza Unicachi Sur,Carro particular,,6,50,12,1,5.60002474902586,Otros,para surtir el negocio,Otros,,177,Vende frutas y verduras,False,VILLA EL SALVADOR,3.389,437.596329548974,ME,8310,0.034458544,4,south_lima,,,,,,,,,,,,,1,POINT (-76.9646651356116 -12.19929375),-76.9646651356116,-12.19929375,8.83333333333333,10
85,-12.2128509,-76.9414218,1,1,8,,,,,,,,8,1,2,0,2,Mercado Mayorista Plaza Unicachi Sur,Carro particular,,1,30,21,1,0.613726285308401,Otros,,Otros,,,Vende frutas y verduras,False,VILLA EL SALVADOR,3.88,271.869489494982,MB,8310,0.034458544,4,south_lima,,,,,,,,,,,,,1,POINT (-76.9646651356116 -12.19929375),-76.9646651356116,-12.19929375,9.45,10
86,-12.2123356,-76.9452283,1,1,12,,,,,,,,7,0,1,0,1,Mercado Mayorista Plaza Unicachi Sur,Otros,moto,1,5,21,1,0.5,Otros,,Otros,,166.571721332148,Vende frutas y verduras,False,VILLA EL SALVADOR,3.3,457.728910043109,ME,8310,0.034458544,4,south_lima,,,,,,,,,,,,,1,POINT (-76.9646651356116 -12.19929375),-76.9646651356116,-12.19929375,8.48333333333333,10
87,-12.2125413,-76.9471673,1,1,12,,,,,,,,7,0,1,0,1,Mercado Mayorista Plaza Unicachi Sur,Otros,moto,1,20,21,1,0.5,Otros,,Otros,,148.20643658936,Vende frutas y verduras,False,VILLA EL SALVADOR,3.07,424.248713675377,MB,8310,0.034458544,4,south_lima,,,,,,,,,,,,,1,POINT (-76.9646651356116 -12.19929375),-76.9646651356116,-12.19929375,7.96666666666667,10
88,-12.2139321,-76.9477714,1,1,12,,,,,,,,8,1,1,0,1,Mercado Mayorista Plaza Unicachi Sur,Carro particular,,2,15,10,1,1,Otros,Para surtir el negocio y tener más ingresos ,Otros,,143,Vende frutas y verduras,False,VILLA EL SALVADOR,3.439,446.181179437504,ME,8310,0.034458544,4,south_lima,,,,,,,,,,,,,1,POINT (-76.9646651356116 -12.19929375),-76.9646651356116,-12.19929375,8.4,10
89,-12.2158001,-76.9406103,1,0,6,,,,,,,,2,1,1,0,1,Mercado Mayorista Plaza Unicachi Sur,Transporte publico,,1,2,3,0,0.25,Otros,las personas piden para sus hijos ,Otros,,,Vende solo frutas,False,VILLA EL SALVADOR,4.117,207.462032727274,MB,8310,0.034458544,4,south_lima,,,,,,,,,,,,,1,POINT (-76.9646651356116 -12.19929375),-76.9646651356116,-12.19929375,10.1833333333333,10
90,-12.2116222,-76.9396523,1,1,6,,,,,,,,2,2,2,0,2,Mercado Mayorista Plaza Unicachi Sur,Taxi,,1,40,7,0,2,Otros,los clientes piden frutas y verduras ,Otros,,,Vende frutas y verduras,False,VILLA EL SALVADOR,4.098,300.594555785704,MB,8310,0.034458544,4,south_lima,,,,,,,,,,,,,1,POINT (-76.9646651356116 -12.19929375),-76.9646651356116,-12.19929375,10.15,10
91,-12.2126905,-76.941426,1,1,12,,,,,,,,2,0,1,0,1,Mercado Mayorista Plaza Unicachi Sur,Carro particular,,1,40,10,1,0.5,Otros,las personas piden ,Otros,,222.468722929662,Vende frutas y verduras,False,VILLA EL SALVADOR,3.871,283.258095580671,MB,8310,0.034458544,4,south_lima,,,,,,,,,,,,,1,POINT (-76.9646651356116 -12.19929375),-76.9646651356116,-12.19929375,9.38333333333333,10
92,-12.2127009,-76.9430744,1,1,12,,,,,,,,1,1,2,0,2,Mercado Mayorista Plaza Unicachi Sur,Otros,,1,150,30,1,2,Otros,es lo que la gente más pide ,Otros,,,Vende frutas y verduras,False,VILLA EL SALVADOR,3.79,435.961735966842,ME,8310,0.034458544,4,south_lima,,,,,,,,,,,,,1,POINT (-76.9646651356116 -12.19929375),-76.9646651356116,-12.19929375,10.6166666666667,10
93,-12.2138046,-76.9355761,1,1,,,,,,,,,2,1,1,0,2,Mercado Mayorista Plaza Unicachi Sur,Taxi,,2,10,6,1,1,Otros,,Otros,,,Vende frutas y verduras,False,VILLA EL SALVADOR,4.811,174.593416092548,MB,8544,0.036473394,4,south_lima,,,,,,,,,,,,,1,POINT (-76.9646651356116 -12.19929375),-76.9646651356116,-12.19929375,12.6666666666667,10
94,-12.2248434,-76.9607608,1,1,6,,,,,,,,0,6,1,0,6,Mercado Mayorista Plaza Unicachi Sur,Carro particular,,12,35,6,1,3.00914697947466,Otros,Por la temporada escolar,Otros,,137,Vende frutas y verduras,True,VILLA EL SALVADOR,5.406,1428.96340219557,MB,1423,0.143672014,1,south_lima,,,,,,,,,,,,,1,POINT (-76.9646651356116 -12.19929375),-76.9646651356116,-12.19929375,12.4833333333333,10
95,-12.2271259,-76.9607725,1,1,6,,,,,,,,3,6,4,0,6,Mercado Mayorista Plaza Unicachi Sur,Carro particular,,12,35,14,1,5,Otros,Por temporada escolar,Otros,,144,Vende frutas y verduras,True,VILLA EL SALVADOR,5.726,1577.33722977714,MB,2298,0.089241285,1,south_lima,,,,,,,,,,,,,1,POINT (-76.9646651356116 -12.19929375),-76.9646651356116,-12.19929375,15.9833333333333,10
96,-12.2270171,-76.9603377,1,1,12,,,,,,,,5,2,1,0,2,Mercado Mayorista Plaza Unicachi Sur,Camion simple,,2,20,6,1,0.5,Otros,,Otros,,142.399993896484,Vende frutas y verduras,True,VILLA EL SALVADOR,5.72,1529.31013865267,MB,2298,0.089241285,1,south_lima,,,,,,,,,,,,,1,POINT (-76.9646651356116 -12.19929375),-76.9646651356116,-12.19929375,15.95,10
97,-12.2268143,-76.9594855,1,1,,,,,,,,,0,5,1,0,5,Mercado Mayorista Plaza Unicachi Sur,Carro particular,,5,10,7,1,0.5,Otros,,Otros,,,Vende frutas y verduras,True,VILLA EL SALVADOR,5.846,1435.395826514,MB,2298,0.089241285,1,south_lima,,,,,,,,,,,,,1,POINT (-76.9646651356116 -12.19929375),-76.9646651356116,-12.19929375,16.6666666666667,10
98,-12.226019,-76.9573603,1,1,12,,,,,,,,2,3,3,0,2,Mercado Mayorista Plaza Unicachi Sur,Transporte publico,,1,90,15,0,7,Otros,para que exista variedad en los productos ,Otros,,149.493286132812,Vende frutas y verduras,True,VILLA EL SALVADOR,4.98,1202.08938155705,MB,2298,0.089241285,1,south_lima,,,,,,,,,,,,,1,POINT (-76.9646651356116 -12.19929375),-76.9646651356116,-12.19929375,11.4333333333333,10
99,-12.2260989,-76.9574796,1,1,15,,,,,,,,2,1,1,0,7,Mercado Mayorista Plaza Unicachi Sur,Carro particular,,1,280,30,0,20,Otros,la gente pide frutas y verduras ,Otros,,143.089553833008,Vende frutas y verduras,True,VILLA EL SALVADOR,4.993,1215.02519649308,MB,2298,0.089241285,1,south_lima,,,,,,,,,,,,,1,POINT (-76.9646651356116 -12.19929375),-76.9646651356116,-12.19929375,11.5166666666667,10
100,-12.226846,-76.9580354,1,1,6,,,,,,,,0,2,2,0,2,Mercado Mayorista Plaza Unicachi Sur,Carro particular,,1,110,15,0,5,Otros,no hay una mercado cerca y la gente quiere comprar de todo,Otros,,,Vende frutas y verduras,True,VILLA EL SALVADOR,5.138,1278.05636087044,MB,2298,0.089241285,1,south_lima,,,,,,,,,,,,,1,POINT (-76.9646651356116 -12.19929375),-76.9646651356116,-12.19929375,12.45,10
101,-12.2267816,-76.9606913,1,1,4,,,,,,,,4,1,2,0,2,Mercado Mayorista Plaza Unicachi Sur,Carro particular,,1,200,20,0,10,Los clientes piden FyVs,,Otros,,0,Vende frutas y verduras,True,VILLA EL SALVADOR,5.766,1553.09259316525,MB,1423,0.143672014,1,south_lima,,,,,,,,,,,,,1,POINT (-76.9646651356116 -12.19929375),-76.9646651356116,-12.19929375,16.2,10
102,-12.2263805,-76.9586638,1,1,6,,,,,,,,0,6,1,0,6,Mercado Mayorista Plaza Unicachi Sur,Transporte publico,,12,18,10,1,-0.057337021446252,Otros,Para surtir el negocio,Otros,,140,Vende frutas y verduras,True,VILLA EL SALVADOR,5.198,1344.21385993186,MB,2298,0.089241285,1,south_lima,,,,,,,,,,,,,1,POINT (-76.9646651356116 -12.19929375),-76.9646651356116,-12.19929375,12.25,10
103,-12.2270075,-76.9582957,1,1,16,,,,,,,,1,1,1,0,1,Mercado Mayorista Plaza Unicachi Sur,Otros,minivan,1,60,20,1,15,Otros,,Otros,,172.135461181402,Vende frutas y verduras,True,VILLA EL SALVADOR,5.167,1307.55367759223,MB,2298,0.089241285,1,south_lima,,,,,,,,,,,,,1,POINT (-76.9646651356116 -12.19929375),-76.9646651356116,-12.19929375,12.5833333333333,10
104,-12.225943,-76.9572206,1,1,6,,,,,,,,3,2,2,0,4,Mercado Mayorista Plaza Unicachi Sur,Taxi,,1,30,8,0,2,Otros,la gente pide y a la vez queda para su consumo ,Otros,,0,Vende frutas y verduras,True,VILLA EL SALVADOR,4.978,1186.99342678368,MB,2298,0.089241285,1,south_lima,,,,,,,,,,,,,1,POINT (-76.9646651356116 -12.19929375),-76.9646651356116,-12.19929375,11.2333333333333,10
105,-12.2244384,-76.9580274,1,1,6,,,,,,,,0,2,1,0,2,Mercado Mayorista Plaza Unicachi Sur,Transporte publico,,4,20,7,1,2,Otros,Para surtir el negocio,Otros,,,Vende frutas y verduras,True,VILLA EL SALVADOR,5.019,1164.27277088886,MB,2298,0.089241285,1,south_lima,,,,,,,,,,,,,1,POINT (-76.9646651356116 -12.19929375),-76.9646651356116,-12.19929375,10.8333333333333,10
106,-12.2195529,-76.9446728,1,0,12,,,,,,,,4,2,1,0,2,Mercado Mayorista Plaza Unicachi Sur,Taxi,,2,5,1,0,5.42454983661977,Otros,,Otros,,145.399993896484,Vende solo frutas,False,VILLA EL SALVADOR,4.035,192.184658589237,MB,8310,0.034458544,4,south_lima,,,,,,,,,,,,,1,POINT (-76.9646651356116 -12.19929375),-76.9646651356116,-12.19929375,9.41666666666667,10
107,-12.2216959,-76.9475159,1,1,6,,,,,,,,2,2,1,0,2,Mercado Mayorista Plaza Unicachi Sur,Taxi,,2,20,12,0,0.653316692327703,Otros,,Otros,,,Vende frutas y verduras,False,VILLA EL SALVADOR,4.048,220.883459307296,MB,8310,0.034458544,4,south_lima,,,,,,,,,,,,,1,POINT (-76.9646651356116 -12.19929375),-76.9646651356116,-12.19929375,10.3,10
108,-12.221843,-76.9475059,1,1,6,,,,,,,,3,1,1,0,1,Mercado Mayorista Plaza Unicachi Sur,Transporte publico,,2,30,8,1,2,Otros,Para surtir el negocio,Otros,,117,Vende frutas y verduras,False,VILLA EL SALVADOR,4.063,237.195130614932,MB,8310,0.034458544,4,south_lima,,,,,,,,,,,,,1,POINT (-76.9646651356116 -12.19929375),-76.9646651356116,-12.19929375,10.35,10
109,-12.2229351,-76.9487072,1,0,12,,,,,,,,3,3,1,0,1,Mercado Mayorista Plaza Unicachi Sur,Transporte publico,,,18,5,1,1,Otros,para surtir el negocio ,Otros,,106,Vende solo frutas,False,VILLA EL SALVADOR,4.248,375.484879510236,ME,8310,0.034458544,4,south_lima,,,,,,,,,,,,,1,POINT (-76.9646651356116 -12.19929375),-76.9646651356116,-12.19929375,9.7,10
110,-12.2245545,-76.9496316,1,0,12,,,,,,,,1,1,1,0,2,Mercado Mayorista Plaza Unicachi Sur,Taxi,,2,50,5,1,3,Otros,,Otros,,,Vende solo frutas,False,VILLA EL SALVADOR,4.671,400.205057705352,MB,2298,0.089241285,1,south_lima,,,,,,,,,,,,,1,POINT (-76.9646651356116 -12.19929375),-76.9646651356116,-12.19929375,9.36666666666667,10
111,-12.1182827466397,-77.0247832443135,1,1,1,1,07:00:00,15:35:00,yes,yes,07:00:00,15:35:00,0,3,1,0,3,Mercado de Frutas,Transporte publico,,3,10,6,0,2,Es fácil adquirir FyVs,,Otros,,103.450614929199,Vende frutas y verduras,False,SURQUILLO,11.193,20.4661370535276,MA,36397,0.052855204,6,center_lima,7,0,0,15,35,0,7,0,0,15,35,0,1,POINT (-76.9983979208904 -12.068607),-76.9983979208904,-12.068607,20.9,10
112,-12.118327115647,-77.0247461623969,1,1,1,1,08:01:00,20:00:00,yes,yes,20:16:00,20:04:00,0,3,1,0,3,Mercado de Frutas,Taxi,,3,10,2,0,3,Es fácil adquirir FyVs,,Otros,,107.629014061547,Vende frutas y verduras,False,SURQUILLO,11.187,25.5311410024664,ME,36397,0.052855204,6,center_lima,8,1,0,20,0,0,20,16,0,20,4,0,1,POINT (-76.9983979208904 -12.068607),-76.9983979208904,-12.068607,20.8833333333333,10
113,-12.118641834548,-77.0254090236231,0,1,1,1,08:00:00,15:00:00,yes,yes,08:00:00,15:00:00,0,7,1,0,7,Mercado de Frutas,Taxi,,7,50,15,0,2,Es fácil adquirir FyVs,,Otros,,105.104681110241,Vende solo verduras,False,SURQUILLO,11.033,53.0636320474249,ME,36397,0.052855204,6,center_lima,8,0,0,15,0,0,8,0,0,15,0,0,1,POINT (-76.9983979208904 -12.068607),-76.9983979208904,-12.068607,19.9333333333333,10
114,-12.1185482097868,-77.0246231368852,0,1,2,2,07:09:00,16:00:00,yes,yes,07:00:00,16:39:00,0,4,1,0,4,Mercado de Frutas,Taxi,,4,40,6,0,7.57275176070008,Los clientes piden FyVs,,Otros,,108.116956819806,Vende solo verduras,False,SURQUILLO,11.161,52.4518563778881,ME,36397,0.052855204,6,center_lima,7,9,0,16,0,0,7,0,0,16,39,0,1,POINT (-76.9983979208904 -12.068607),-76.9983979208904,-12.068607,20.7166666666667,10
115,-12.1190193256531,-77.0245348325791,1,1,2,2,08:07:00,17:07:00,no,,,,0,1,1,0,1,Mercado de Frutas,Taxi,,5,60,20,0,5.81156915828023,Los clientes piden FyVs,,Otros,,110.281364304644,Vende frutas y verduras,False,SURQUILLO,11.06,105.213733525091,ME,36397,0.052855204,6,center_lima,8,7,0,17,7,0,,,,,,,1,POINT (-76.9983979208904 -12.068607),-76.9983979208904,-12.068607,20.6333333333333,10
116,-12.0643763186867,-77.1029191464186,1,1,,2,06:00:00,21:00:00,yes,yes,,,,,,,,Mercado de Frutas,Taxi,,,,,0,,Los clientes piden FyVs,,Otros,,,Vende frutas y verduras,False,SAN MIGUEL,17.082,308.071680544468,MA,21618,0.042523365,5,center_lima,6,0,0,21,0,0,,,,,,,1,POINT (-76.9983979208904 -12.068607),-76.9983979208904,-12.068607,39.8666666666667,12.3793358866667
117,-12.0745945517754,-77.082300670445,1,1,,2,07:00:00,21:30:00,yes,yes,,,35,0,1,,,Mercado de Frutas,Otros,,,,,,,Otros,,Otros,,,Vende frutas y verduras,False,SAN MIGUEL,14.398,517.60739175163,AL,10355,0.061360781,6,center_lima,7,0,0,21,30,0,,,,,,,1,POINT (-76.9983979208904 -12.068607),-76.9983979208904,-12.068607,37.2833333333333,11.5752549133333
118,-12.0794582885615,-77.0836065709591,1,0,4,1,09:00:00,09:00:00,no,,,,1,2,1,0,2,Mercado de Frutas,Taxi,,2,10,6,0,7.03172994248918,Otros,Alto margen,Otros,,,Vende solo frutas,False,SAN MIGUEL,14.102,522.462477553821,MA,10355,0.061360781,6,center_lima,9,0,0,9,0,0,,,,,,,1,POINT (-76.9983979208904 -12.068607),-76.9983979208904,-12.068607,34.65,10.75856342
119,-12.0842721312875,-77.0797674035835,1,1,32,3,06:00:00,23:00:00,yes,yes,06:00:00,23:00:00,0,5,1,0,3,Mercado de Frutas,Otros,Colectivo,1,,35,0,1,Los clientes piden FyVs,,Otros,,75.7533966427802,Vende frutas y verduras,False,SAN MIGUEL,13.867,698.362686681831,ME,13644,0.051945007,5,center_lima,6,0,0,23,0,0,6,0,0,23,0,0,1,POINT (-76.9983979208904 -12.068607),-76.9983979208904,-12.068607,34.05,10.57227907
120,-12.0794582885615,-77.0836065709591,1,0,4,1,09:00:00,09:00:00,no,,,,1,2,1,0,2,Mercado de Frutas,Taxi,,2,10,6,0,4.56602005487284,Otros,Alto margen,Otros,,,Vende solo frutas,False,SAN MIGUEL,14.102,522.462477553821,MA,10355,0.061360781,6,center_lima,9,0,0,9,0,0,,,,,,,1,POINT (-76.9983979208904 -12.068607),-76.9983979208904,-12.068607,34.65,10.75856342
121,-12.1467256811787,-77.022282926568,1,1,1,1,09:00:00,18:00:00,yes,yes,09:00:00,06:00:00,0,1,1,0,2,Mercado de Frutas,Taxi,,1,30,24,0,3.6616095593238,Los clientes piden FyVs,,Otros,,,Vende frutas y verduras,False,BARRANCO,14.041,160.871345641073,MA,17390,0.055573019,3,center_lima,9,0,0,18,0,0,9,0,0,6,0,0,1,POINT (-76.9983979208904 -12.068607),-76.9983979208904,-12.068607,25.9833333333333,10
122,-12.1417003125525,-77.019410057824,1,1,6,1,06:30:00,23:00:00,yes,yes,06:30:00,23:00:00,2,1,1,0,1,Mercado de Frutas,Carro particular,,1,30,25,0,3,Los clientes piden FyVs,,Otros,,,Vende frutas y verduras,False,BARRANCO,13.108,408.457437680295,ME,23788,0.051330796,2,center_lima,6,30,0,23,0,0,6,30,0,23,0,0,1,POINT (-76.9983979208904 -12.068607),-76.9983979208904,-12.068607,22.65,10
123,-12.1091630311407,-77.0101606473327,1,1,20,3,07:30:00,18:00:00,yes,no,09:00:00,15:00:00,2,4,1,4,4,Mercado de Frutas,Carro particular,,,,,0,,Los clientes piden FyVs,,Otros,,,Vende frutas y verduras,False,SURQUILLO,6.654,62.1717961109698,ME,16249,0.055758171,3,center_lima,7,30,0,18,0,0,9,0,0,15,0,0,1,POINT (-76.9983979208904 -12.068607),-76.9983979208904,-12.068607,21.4,10
124,-12.116348279045,-77.000275936377,1,1,20,2,06:30:00,21:00:00,yes,no,08:00:00,22:30:00,1,2,6,0,2,Mercado de Frutas,Van,,2,70,15,1,5,Los clientes piden FyVs,,Otros,,139.060521139409,Vende frutas y verduras,False,SURQUILLO,8.503,495.96487303256,AL,11374,0.045820113,2,center_lima,6,30,0,21,0,0,8,0,0,22,30,0,1,POINT (-76.9983979208904 -12.068607),-76.9983979208904,-12.068607,19.2333333333333,10
125,-12.1153973278089,-77.0047579196042,1,0,15,1,07:00:00,21:00:00,yes,no,09:00:00,21:00:00,1,1,5,0,1,Mercado de Frutas,Taxi,,1,50,6,1,2,Los clientes piden FyVs,,Otros,,136.882665705694,Vende solo frutas,False,SURQUILLO,8.728,416.003365254042,MA,16249,0.055758171,3,center_lima,7,0,0,21,0,0,9,0,0,21,0,0,1,POINT (-76.9983979208904 -12.068607),-76.9983979208904,-12.068607,20.7666666666667,10
126,-12.1188989189568,-77.003914140281,1,1,8,1,07:00:00,21:00:00,yes,no,08:00:00,22:00:00,1,2,1,0,2,Mercado de Frutas,Carro particular,,2,30,6,1,2,Los clientes piden FyVs,,Otros,,132.190151709548,Vende frutas y verduras,False,SURQUILLO,9.175,647.190562908695,MA,17223,0.047044213,3,center_lima,7,0,0,21,0,0,8,0,0,22,0,0,1,POINT (-76.9983979208904 -12.068607),-76.9983979208904,-12.068607,22.4833333333333,10
127,-12.117617677175,-77.0033224185006,1,1,9,1,07:00:00,22:00:00,yes,yes,,,1,1,4,0,1,Mercado de Frutas,Carro particular,,1,40,10,1,1,Los clientes piden FyVs,,Otros,,135.721320907593,Vende frutas y verduras,False,SURQUILLO,8.971,612.058244515836,MA,17223,0.047044213,3,center_lima,7,0,0,22,0,0,,,,,,,1,POINT (-76.9983979208904 -12.068607),-76.9983979208904,-12.068607,21.0166666666667,10
128,-12.1169408048251,-77.0011897822942,1,1,6,1,07:30:00,20:00:00,yes,no,07:30:00,21:30:00,1,1,4,0,1,Mercado de Frutas,Taxi,,1,50,10,1,2,Es fácil adquirir FyVs,,Otros,,136.927643145915,Vende frutas y verduras,False,SURQUILLO,8.68,501.190215966584,MA,17223,0.047044213,3,center_lima,7,30,0,20,0,0,7,30,0,21,30,0,1,POINT (-76.9983979208904 -12.068607),-76.9983979208904,-12.068607,20.2,10
129,-12.0913922,-77.0379104,1,0,16,1,07:30:00,22:00:00,yes,yes,07:30:00,22:00:00,14,2,1,0,3,Mercado de Frutas,Carro particular,,3,15,6,0,1,Los clientes piden FyVs,,Otros,,139.016357421875,Vende solo frutas,False,SAN ISIDRO,8.76,718.600391378797,AL,34690,0.050029809,3,,7,30,0,22,0,0,7,30,0,22,0,0,1,POINT (-76.9983979208904 -12.068607),-76.9983979208904,-12.068607,19.1666666666667,10
130,-12.0910028,-77.0356114,1,1,21,1,07:30:00,22:30:00,yes,no,08:30:00,13:30:00,30,0,1,0,2,Mercado de Frutas,Carro particular,,2,42,18,1,1,Los clientes piden FyVs,,Otros,,135.200622558594,Vende frutas y verduras,False,SAN ISIDRO,8.642,570.142149589629,AL,34690,0.050029809,3,,7,30,0,22,30,0,8,30,0,13,30,0,1,POINT (-76.9983979208904 -12.068607),-76.9983979208904,-12.068607,18.3,10
131,-12.1032591,-77.0307201,1,1,18,3,07:30:00,21:00:00,yes,yes,,,42,0,1,0,4,Mercado de Frutas,Carro particular,,4,65,17,1,2,Los clientes piden FyVs,,Otros,,140.370361328125,Vende frutas y verduras,False,SAN ISIDRO,8.75,972.012511888688,MA,18539,0.054230961,3,,7,30,0,21,0,0,,,,,,,1,POINT (-76.9983979208904 -12.068607),-76.9983979208904,-12.068607,17.85,10
132,-12.1033049,-77.0313276,1,0,12,1,08:30:00,21:00:00,yes,yes,,,4,0,1,0,3,Mercado de Frutas,Carro particular,,3,21,7,1,1,Otros,vende jugos ,Otros,,126.925048828125,Vende solo frutas,True,SAN ISIDRO,8.815,1013.4945291793,MA,18539,0.054230961,3,,8,30,0,21,0,0,,,,,,,1,POINT (-76.9983979208904 -12.068607),-76.9983979208904,-12.068607,18.1166666666667,10
133,-12.1011107621025,-77.0308002457023,1,1,16,1,07:11:00,20:11:00,no,,,,38,0,1,0,2,Mercado de Frutas,Carro particular,,2,30,12,0,1,Los clientes piden FyVs,,Otros,,,Vende frutas y verduras,True,SAN ISIDRO,8.58,1165.47939512192,MA,18539,0.054230961,3,,7,11,0,20,11,0,,,,,,,1,POINT (-76.9983979208904 -12.068607),-76.9983979208904,-12.068607,18.1166666666667,10
134,-12.0972629,-77.0313743,1,1,20,1,07:00:00,22:00:00,yes,no,08:00:00,15:30:00,6,0,1,0,2,Mercado de Frutas,Carro particular,,2,14,6,0,1,Los clientes piden FyVs,,Otros,,138.7919921875,Vende frutas y verduras,True,SAN ISIDRO,9.019,1039.66113239759,MA,16029,0.0429534,6,,7,0,0,22,0,0,8,0,0,15,30,0,1,POINT (-76.9983979208904 -12.068607),-76.9983979208904,-12.068607,19.7333333333333,10
135,-12.0918812,-77.0515987,1,1,30,1,09:30:00,22:00:00,yes,yes,09:30:00,22:00:00,0,3,2,0,1,Mercado de Frutas,Taxi,,1,8,10,0,2,Los clientes piden FyVs,,Otros,,109.656799316406,Vende frutas y verduras,True,SAN ISIDRO,10.521,1116.07123543261,AL,29853,0.058317025,3,,9,30,0,22,0,0,9,30,0,22,0,0,1,POINT (-76.9983979208904 -12.068607),-76.9983979208904,-12.068607,24.1333333333333,10
136,-12.0976574672499,-77.0455623698207,1,1,63,7,08:00:00,20:00:00,yes,no,08:00:00,14:00:00,2,4,1,0,1,Mercado de Frutas,Taxi,,1,70,15,1,4,Los clientes piden FyVs,,Otros,,87.778413772583,Vende frutas y verduras,True,SAN ISIDRO,10.254,1234.54969588661,AL,29853,0.058317025,3,,8,0,0,20,0,0,8,0,0,14,0,0,1,POINT (-76.9983979208904 -12.068607),-76.9983979208904,-12.068607,24.3666666666667,10
137,-12.0958796842873,-77.0526792986581,1,1,72,2,07:30:00,21:00:00,yes,no,07:30:00,21:00:00,6,1,1,0,1,Mercado de Frutas,Taxi,,1,10,20,1,2,Los clientes piden FyVs,,Otros,,92.524772644043,Vende frutas y verduras,True,SAN ISIDRO,10.122,1438.65262535746,AL,29853,0.058317025,3,,7,30,0,21,0,0,7,30,0,21,0,0,1,POINT (-76.9983979208904 -12.068607),-76.9983979208904,-12.068607,23.2166666666667,10
138,-12.0969298,-77.0535526,1,1,18,2,09:00:00,20:00:00,yes,yes,09:00:00,20:00:00,4,4,2,2,2,Mercado de Frutas,Camion simple,,2,25,10,0,3,Los clientes piden FyVs,,Otros,,103.317749023438,Vende frutas y verduras,True,SAN ISIDRO,10.534,1318.74418245394,MA,29853,0.058317025,3,,9,0,0,20,0,0,9,0,0,20,0,0,1,POINT (-76.9983979208904 -12.068607),-76.9983979208904,-12.068607,25,10
139,-12.0990075,-77.036104,1,1,54,5,19:00:00,21:00:00,yes,yes,,,4,3,1,1,1,Mercado de Frutas,Taxi,,2,50,20,0,2,No hay otros sitios cerca que ofrezcan FyVs,,Otros,,129.100006103516,Vende frutas y verduras,True,SAN ISIDRO,9.287,1422.77696481916,AL,29498,0.071618119,3,,19,0,0,21,0,0,,,,,,,1,POINT (-76.9983979208904 -12.068607),-76.9983979208904,-12.068607,23.2833333333333,10
140,-12.05372358,-76.95144977,1,1,30,2,06:30:00,23:00:00,yes,yes,,,2,1,1,,2,Mercado de Frutas,Carro particular,,2,40,15,1,4,Los clientes piden FyVs,,Otros,,,Vende frutas y verduras,False,ATE,6.553,299.462503559494,ME,11193,0.06780949,2,east_lima,6,30,0,23,0,0,,,,,,,1,POINT (-76.9983979208904 -12.068607),-76.9983979208904,-12.068607,21.7666666666667,10
141,-12.05869557,-76.9593918,1,0,9,2,07:30:00,21:30:00,no,,,,,,1,0,1,Mercado de Frutas,Transporte publico,,1,40,8,0,5,Los clientes piden FyVs,,Otros,,,Vende solo frutas,False,ATE,5.296,341.733515717057,ME,18540,0.066106913,2,east_lima,7,30,0,21,30,0,,,,,,,1,POINT (-76.9983979208904 -12.068607),-76.9983979208904,-12.068607,18.5166666666667,10
142,-12.0592355774828,-76.9592629653187,1,0,8,2,06:00:00,21:00:00,yes,no,07:00:00,19:00:00,0,2,1,0,2,Mercado de Frutas,Carretilla,,2,10,5,0,2,Los clientes piden FyVs,,Otros,,259.563907623291,Vende solo frutas,False,ATE,5.501,399.346357116323,ME,18540,0.066106913,2,east_lima,6,0,0,21,0,0,7,0,0,19,0,0,1,POINT (-76.9983979208904 -12.068607),-76.9983979208904,-12.068607,18.3,10
143,-12.0555261243247,-76.9559780974658,1,1,49,2,06:20:00,23:00:00,yes,,,,3,1,1,,1,Mercado de Frutas,Carro particular,,1,240,12,1,5,Los clientes piden FyVs,,Otros,,272.980651996861,Vende frutas y verduras,False,ATE,5.623,320.623433171222,MB,11193,0.06780949,2,east_lima,6,20,0,23,0,0,,,,,,,1,POINT (-76.9983979208904 -12.068607),-76.9983979208904,-12.068607,18.9333333333333,10
144,-12.057772,-76.9441308,1,1,21,1,09:00:00,21:00:00,yes,yes,,,3,1,1,2,2,Mercado de Frutas,Taxi,,2,70,14,1,10,Los clientes piden FyVs,,Otros,,,Vende frutas y verduras,False,LA MOLINA,7.427,225.456884591281,MA,10171,0.063682917,2,east_lima,9,0,0,21,0,0,,,,,,,1,POINT (-76.9983979208904 -12.068607),-76.9983979208904,-12.068607,21.3833333333333,10
145,-12.0596783,-76.9431,1,1,30,1,07:00:00,20:00:00,yes,yes,,,1,1,1,3,0,Mercado de Frutas,Carro particular,,2,40,32,0,6,Los clientes piden FyVs,,Otros,,,Vende frutas y verduras,False,LA MOLINA,7.668,55.8085976083023,MA,10171,0.063682917,2,east_lima,7,0,0,20,0,0,,,,,,,1,POINT (-76.9983979208904 -12.068607),-76.9983979208904,-12.068607,21.95,10
146,-12.134840289074,-77.0011789351702,1,1,18,2,07:30:00,22:00:00,yes,yes,07:30:00,22:00:00,2,1,2,1,1,Mercado de Frutas,Carro particular,,1,30,25,1,2,Otros,Mantener la competitividad del negocio,Otros,,,Vende frutas y verduras,False,SANTIAGO DE SURCO,12.259,379.601740888013,AL,17126,0.073298195,3,center_lima,7,30,0,22,0,0,7,30,0,22,0,0,1,POINT (-76.9983979208904 -12.068607),-76.9983979208904,-12.068607,23.85,10
147,-12.1303341963559,-77.0076685398817,1,1,56,2,09:00:00,20:30:00,yes,no,09:00:00,20:00:00,2,3,1,0,3,Mercado de Frutas,Taxi,,3,60,18,0,15,Los clientes piden FyVs,,Otros,,,Vende frutas y verduras,True,SANTIAGO DE SURCO,10.846,1085.45679856957,AL,32535,0.054507853,3,center_lima,9,0,0,20,30,0,9,0,0,20,0,0,1,POINT (-76.9983979208904 -12.068607),-76.9983979208904,-12.068607,24.2833333333333,10
148,-12.1302568378759,-77.0079444721341,1,1,48,2,08:00:00,22:00:00,yes,no,08:00:00,18:00:00,3,2,1,0,2,Mercado de Frutas,Taxi,,2,90,37,0,3,Otros,Quieren variedad ,Otros,,,Vende frutas y verduras,True,SANTIAGO DE SURCO,10.876,1113.51704684086,AL,32535,0.054507853,3,center_lima,8,0,0,22,0,0,8,0,0,18,0,0,1,POINT (-76.9983979208904 -12.068607),-76.9983979208904,-12.068607,24.4166666666667,10
149,-12.1402637575366,-76.9986660405993,1,1,56,2,09:00:00,23:00:00,yes,,09:00:00,18:00:00,4,2,1,1,1,Mercado de Frutas,Carro particular,,1,80,31,0,4,Los clientes piden FyVs,,Otros,,,Vende frutas y verduras,False,SANTIAGO DE SURCO,11.663,380.709051139749,MA,17126,0.073298195,3,center_lima,9,0,0,23,0,0,9,0,0,18,0,0,1,POINT (-76.9983979208904 -12.068607),-76.9983979208904,-12.068607,22.1833333333333,10
150,-12.1359311539238,-76.9897966459394,1,1,12,1,07:00:00,21:00:00,yes,yes,,,3,2,1,0,2,Mercado de Frutas,Taxi,,2,40,18,0,2,Otros,porque hay que tener variedad para competir,Otros,,,Vende frutas y verduras,False,SANTIAGO DE SURCO,9.899,957.912694858999,AL,10342,0.043080842,2,center_lima,7,0,0,21,0,0,,,,,,,1,POINT (-76.9983979208904 -12.068607),-76.9983979208904,-12.068607,19.0666666666667,10
151,-12.1365627914752,-76.9897590950131,1,1,35,2,07:00:00,21:00:00,yes,yes,,,2,5,2,0,5,Mercado de Frutas,Carro particular,,2,50,27,0,3,Los clientes piden FyVs,,Otros,,,Vende frutas y verduras,False,SANTIAGO DE SURCO,9.963,917.12049722642,MA,10342,0.043080842,2,center_lima,7,0,0,21,0,0,,,,,,,1,POINT (-76.9983979208904 -12.068607),-76.9983979208904,-12.068607,18.5166666666667,10
152,-12.1368184616722,-76.9896015152335,1,1,21,2,06:00:00,23:00:00,yes,no,08:00:00,18:00:00,3,4,1,0,2,Mercado de Frutas,Taxi,,2,50,29,0,3,Otros,Porque la competencia también vende FyV,Otros,,,Vende frutas y verduras,False,SANTIAGO DE SURCO,10.189,888.110135298088,AL,10342,0.043080842,2,center_lima,6,0,0,23,0,0,8,0,0,18,0,0,1,POINT (-76.9983979208904 -12.068607),-76.9983979208904,-12.068607,19.2666666666667,10
153,-12.1311874326782,-76.9875667244196,1,1,24,2,07:00:00,22:00:00,yes,yes,,,3,3,2,0,3,Mercado de Frutas,Carro particular,,2,70,36,0,3,Los clientes piden FyVs,,Otros,,,Vende frutas y verduras,True,SANTIAGO DE SURCO,9.284,1158.82824815081,MA,11097,0.052256639,2,center_lima,7,0,0,22,0,0,,,,,,,1,POINT (-76.9983979208904 -12.068607),-76.9983979208904,-12.068607,16.8833333333333,10
154,-12.0165022822964,-76.9878370481244,1,1,16,,,,,,,,1,8,3,0,2,Mercado de Frutas,Otros,Caminando ,2,2,7,0,4.62450829610922,Otros,,Otros,,240.657424926758,Vende frutas y verduras,False,SAN JUAN DE LURIGANCHO,9.801,326.888198166973,ME,16925,0.072593552,1,east_lima,,,,,,,,,,,,,1,POINT (-76.9983979208904 -12.068607),-76.9983979208904,-12.068607,24.5666666666667,10
155,-12.2276129,-76.9740993,1,0,8,,,,,,,,4,2,1,0,2,Mercado de Frutas,Taxi,,2,90,6,1,0.5,Otros,,Otros,,39.4285356597975,Vende solo frutas,True,CHORRILLOS,19.208,2481.30638931266,ME,1423,0.143672014,1,south_lima,,,,,,,,,,,,,1,POINT (-76.9983979208904 -12.068607),-76.9983979208904,-12.068607,26.2833333333333,10
156,-12.0045616,-76.9954227,1,0,15,,,,,,,,7,0,1,0,1,Mercado de Frutas,Taxi,,1,5,4,0,3.20393465454793,Los clientes piden FyVs,,Otros,,237.035278320312,Vende solo frutas,False,SAN JUAN DE LURIGANCHO,11.876,278.781737492552,ME,22562,0.051028569,4,east_lima,,,,,,,,,,,,,1,POINT (-76.9983979208904 -12.068607),-76.9983979208904,-12.068607,30.0333333333333,10
157,-12.0062821,-76.9923816,1,1,4,,,,,,,,5,0,2,0,3,Mercado de Frutas,Transporte publico,,2,5,8,1,0.5,Es fácil adquirir FyVs,,Otros,,255.082763671875,Vende frutas y verduras,False,SAN JUAN DE LURIGANCHO,11.628,605.258799827992,MB,14273,0.056375964,4,east_lima,,,,,,,,,,,,,1,POINT (-76.9983979208904 -12.068607),-76.9983979208904,-12.068607,28.95,10
158,-12.2223132,-76.9461452,1,1,6,,,,,,,,4,0,2,0,1,Mercado de Frutas,Carretilla,,1,20,8,0,-0.46884624100739,Otros,por que tiene la licencia para vender,Otros,,,Vende frutas y verduras,False,VILLA EL SALVADOR,20.625,203.745811038382,MB,8310,0.034458544,4,south_lima,,,,,,,,,,,,,1,POINT (-76.9983979208904 -12.068607),-76.9983979208904,-12.068607,32.5,10.09995625
159,-12.0016717,-76.9967477,1,1,6,,,,,,,,5,1,2,0,2,Mercado de Frutas,Taxi,,2,10,12,0,0.5,Los clientes piden FyVs,,Otros,,260.23388671875,Vende frutas y verduras,False,SAN JUAN DE LURIGANCHO,12.007,423.761164602918,ME,22562,0.051028569,4,east_lima,,,,,,,,,,,,,1,POINT (-76.9983979208904 -12.068607),-76.9983979208904,-12.068607,29.7166666666667,10
160,-12.0016158,-76.9967671,1,1,4,,,,,,,,8,3,2,0,1,Mercado de Frutas,Carro particular,,1,10,6,0,1,Los clientes piden FyVs,,Otros,,255.130737304688,Vende frutas y verduras,False,SAN JUAN DE LURIGANCHO,12.007,429.104592676801,ME,22562,0.051028569,4,east_lima,,,,,,,,,,,,,1,POINT (-76.9983979208904 -12.068607),-76.9983979208904,-12.068607,29.7166666666667,10
161,-12.1181047485625,-77.0250019230699,0,1,1,2,08:00:00,15:00:00,yes,yes,08:00:00,16:00:00,0,7,1,0,7,Gran Mercado Mayorista De Lima,Taxi,,7,50,5,0,7.55003603406721,Los clientes piden FyVs,,Otros,,107.535633680467,Vende solo verduras,False,SURQUILLO,19.992,24.8267838189418,MA,36397,0.052855204,6,center_lima,8,0,0,15,0,0,8,0,0,16,0,0,1,POINT (-76.9440259382289 -12.03877685),-76.9440259382289,-12.03877685,38.1833333333333,11.8610236533333
162,-12.1184250185119,-77.0252891776766,1,0,2,1,10:00:00,17:00:00,yes,yes,22:00:00,17:00:00,0,7,1,0,7,Gran Mercado Mayorista De Lima,Taxi,,7,20,8,0,6.74789864289887,Es fácil adquirir FyVs,,Otros,,105.623836010647,Vende solo frutas,False,SURQUILLO,19.829,56.7685947666279,MA,36397,0.052855204,6,center_lima,10,0,0,17,0,0,22,0,0,17,0,0,1,POINT (-76.9440259382289 -12.03877685),-76.9440259382289,-12.03877685,37.0666666666667,11.5146597566667
163,-12.1183308852279,-77.0250889659362,1,1,4,2,08:00:00,17:00:00,yes,yes,08:00:00,17:00:00,,6,1,0,6,Gran Mercado Mayorista De Lima,Taxi,,6,70,10,0,3,Los clientes piden FyVs,,Otros,,106.345335146446,Vende frutas y verduras,False,SURQUILLO,19.969,42.8946274150401,MA,36397,0.052855204,6,center_lima,8,0,0,17,0,0,8,0,0,17,0,0,1,POINT (-76.9440259382289 -12.03877685),-76.9440259382289,-12.03877685,38.0666666666667,11.8248291566667
164,-12.1183093505653,-77.0250941528222,1,1,9,2,08:30:00,17:00:00,yes,yes,08:30:00,17:00:00,0,6,1,0,6,Gran Mercado Mayorista De Lima,Taxi,,6,100,20,0,5,Los clientes piden FyVs,,Otros,,106.429307495014,Vende frutas y verduras,False,SURQUILLO,19.971,41.9747963398153,MA,36397,0.052855204,6,center_lima,8,30,0,17,0,0,8,30,0,17,0,0,1,POINT (-76.9440259382289 -12.03877685),-76.9440259382289,-12.03877685,38.0833333333333,11.8299982433333
165,-12.1183974314182,-77.0249607850815,0,1,2,2,09:00:00,19:00:00,yes,yes,09:00:00,19:00:00,0,6,1,0,6,Gran Mercado Mayorista De Lima,Taxi,,6,100,15,0,6.36119095679476,Los clientes piden FyVs,,Otros,,106.777057939459,Vende solo verduras,False,SURQUILLO,19.959,38.874422007047,ME,36397,0.052855204,6,center_lima,9,0,0,19,0,0,9,0,0,19,0,0,1,POINT (-76.9440259382289 -12.03877685),-76.9440259382289,-12.03877685,38.0333333333333,11.8144837233333
166,-12.1184256563792,-77.02555321264,1,0,1,2,10:00:00,18:00:00,yes,yes,10:00:00,18:00:00,0,6,1,0,6,Gran Mercado Mayorista De Lima,Transporte publico,,6,40,5,0,2,Es fácil adquirir FyVs,,Otros,,104.617280146403,Vende solo frutas,False,SURQUILLO,19.835,28.4349309973636,MA,36397,0.052855204,6,center_lima,10,0,0,18,0,0,10,0,0,18,0,0,1,POINT (-76.9440259382289 -12.03877685),-76.9440259382289,-12.03877685,37.0833333333333,11.5198336833333
167,-12.1189650663369,-77.0245614426374,1,0,2,1,09:00:00,17:05:00,no,,,,,,1,0,10,Gran Mercado Mayorista De Lima,Carretilla,,4,30,5,0,8.14098464046382,Los clientes piden FyVs,,Otros,,110.45746714078,Vende solo frutas,False,SURQUILLO,19.9,98.68876446226,ME,36397,0.052855204,6,center_lima,9,0,0,17,5,0,,,,,,,1,POINT (-76.9440259382289 -12.03877685),-76.9440259382289,-12.03877685,37.6,11.680079
168,-12.1184774748514,-77.0257077514404,0,1,1,1,10:30:00,17:00:00,yes,yes,,,0,1,1,0,1,Gran Mercado Mayorista De Lima,Taxi,,1,5,4,0,1,Los clientes piden FyVs,,Otros,,107.264996943546,Vende solo verduras,False,SURQUILLO,19.832,16.4815261751058,MA,36397,0.052855204,6,center_lima,10,30,0,17,0,0,,,,,,,1,POINT (-76.9440259382289 -12.03877685),-76.9440259382289,-12.03877685,37.0666666666667,11.5146633866667
169,-12.1184475908634,-77.0257243488855,1,1,1,1,22:00:00,16:00:00,yes,yes,,,,,1,0,1,Gran Mercado Mayorista De Lima,Taxi,,1,8,2,0,2,Los clientes piden FyVs,,Otros,,107.303247712721,Vende frutas y verduras,False,SURQUILLO,19.836,12.8252442171865,MA,36397,0.052855204,6,center_lima,22,0,0,16,0,0,,,,,,,1,POINT (-76.9440259382289 -12.03877685),-76.9440259382289,-12.03877685,37.0833333333333,11.5198348933333
170,-12.1184193019644,-77.025217409521,0,1,1,1,20:00:00,17:27:00,yes,yes,,,0,1,1,0,1,Gran Mercado Mayorista De Lima,Transporte publico,,1,5,4,0,1,Los clientes piden FyVs,,Otros,,109.019759059294,Vende solo verduras,False,SURQUILLO,19.83,59.954281626109,ME,36397,0.052855204,6,center_lima,20,0,0,17,27,0,,,,,,,1,POINT (-76.9440259382289 -12.03877685),-76.9440259382289,-12.03877685,37.2333333333333,11.5663276333333
171,-12.1175895330244,-77.0248627539598,1,0,2,1,21:30:00,17:30:00,yes,yes,,,0,1,1,0,1,Gran Mercado Mayorista De Lima,Taxi,,1,20,6,0,5,Los clientes piden FyVs,,Otros,,109.801901612228,Vende solo frutas,False,SURQUILLO,18.997,57.0834115631147,MA,36397,0.052855204,6,center_lima,21,30,0,17,30,0,,,,,,,1,POINT (-76.9440259382289 -12.03877685),-76.9440259382289,-12.03877685,37.4333333333333,11.6273197033333
172,-12.0869686294665,-77.0733658969402,1,0,4,2,07:00:00,21:00:00,yes,no,08:00:00,08:00:00,2,1,1,0,1,Gran Mercado Mayorista De Lima,Transporte publico,,1,8,3,0,,Es fácil adquirir FyVs,,Otros,,,Vende solo frutas,False,MAGDALENA DEL MAR,22.187,186.563320659337,MA,22173,0.053811281,5,center_lima,7,0,0,21,0,0,8,0,0,8,0,0,1,POINT (-76.9440259382289 -12.03877685),-76.9440259382289,-12.03877685,50.2666666666667,15.6095129366667
173,-12.0869686294665,-77.0733658969402,1,0,4,2,07:00:00,21:00:00,yes,no,08:00:00,08:00:00,2,1,1,0,1,Gran Mercado Mayorista De Lima,Transporte publico,,1,8,3,0,,Es fácil adquirir FyVs,,Otros,,,Vende solo frutas,False,MAGDALENA DEL MAR,22.187,186.563320659337,MA,22173,0.053811281,5,center_lima,7,0,0,21,0,0,8,0,0,8,0,0,1,POINT (-76.9440259382289 -12.03877685),-76.9440259382289,-12.03877685,50.2666666666667,15.6095129366667
174,-12.108445112845,-77.0109207183123,1,1,24,3,07:00:00,20:00:00,no,,,,4,1,2,4,0,Gran Mercado Mayorista De Lima,Van,,4,,,0,,Los clientes piden FyVs,,Otros,,,Vende frutas y verduras,False,SURQUILLO,16.911,59.0509498387933,ME,16249,0.055758171,3,center_lima,7,0,0,20,0,0,,,,,,,1,POINT (-76.9440259382289 -12.03877685),-76.9440259382289,-12.03877685,39.4333333333333,12.2447956433333
175,-12.0895049767681,-77.0473922231021,1,1,36,2,06:30:00,23:00:00,yes,yes,,,7,2,1,1,,Gran Mercado Mayorista De Lima,Carro particular,,1,150,15,1,1,Los clientes piden FyVs,,Otros,,101.304353713989,Vende frutas y verduras,False,LINCE,18.79,589.541787347162,AL,29853,0.058317025,3,center_lima,6,30,0,23,0,0,,,,,,,1,POINT (-76.9440259382289 -12.03877685),-76.9440259382289,-12.03877685,39.2,12.1747359
176,-12.1009689476454,-77.0549589023712,1,1,20,8,07:30:00,22:00:00,yes,yes,,,7,3,2,3,3,Gran Mercado Mayorista De Lima,Carro particular,,3,100,20,1,10,Los clientes piden FyVs,,Otros,,76.5568447113037,Vende frutas y verduras,False,SAN ISIDRO,19.618,883.686614001205,AL,25801,0.057861537,3,,7,30,0,22,0,0,,,,,,,1,POINT (-76.9440259382289 -12.03877685),-76.9440259382289,-12.03877685,42.8333333333333,13.3020711133333
177,-12.06271565,-76.94132913,1,1,48,2,06:00:00,23:00:00,yes,yes,,,3,1,1,0,2,Gran Mercado Mayorista De Lima,Van,,2,150,20,1,15,Los clientes piden FyVs,,Otros,,,Vende frutas y verduras,False,LA MOLINA,5.413,109.722515649702,MA,8460,0.056905577,5,east_lima,6,0,0,23,0,0,,,,,,,1,POINT (-76.9440259382289 -12.03877685),-76.9440259382289,-12.03877685,13.9833333333333,10
178,-12.05358915,-76.95152923,1,1,32,2,07:00:00,20:00:00,yes,yes,,,2,2,1,,1,Gran Mercado Mayorista De Lima,Camion simple,,1,80,20,1,10,Los clientes piden FyVs,,Otros,,,Vende frutas y verduras,False,ATE,3.695,283.931284526226,ME,11193,0.06780949,2,east_lima,7,0,0,20,0,0,,,,,,,1,POINT (-76.9440259382289 -12.03877685),-76.9440259382289,-12.03877685,11.4333333333333,10
179,-12.1296540309849,-76.9880998134613,0,1,27,3,07:00:00,23:00:00,yes,yes,07:00:00,23:00:00,4,2,2,2,1,Gran Mercado Mayorista De Lima,Taxi,,3,40,34,0,3,No hay otros sitios cerca que ofrezcan FyVs,,Otros,,,Vende solo verduras,True,SANTIAGO DE SURCO,17.279,1070.33095015945,AL,11097,0.052256639,2,center_lima,7,0,0,23,0,0,7,0,0,23,0,0,1,POINT (-76.9440259382289 -12.03877685),-76.9440259382289,-12.03877685,34.4,10.68490759
180,-12.1288181627306,-76.995945610106,1,1,30,2,06:00:00,21:00:00,yes,yes,06:00:00,21:00:00,3,2,2,1,1,Gran Mercado Mayorista De Lima,Carro particular,,2,30,30,1,3,Los clientes piden FyVs,,Otros,,,Vende frutas y verduras,False,SANTIAGO DE SURCO,16.863,211.279404192236,MA,17126,0.073298195,3,center_lima,6,0,0,21,0,0,6,0,0,21,0,0,1,POINT (-76.9440259382289 -12.03877685),-76.9440259382289,-12.03877685,37.4666666666667,11.6350708966667
181,-12.1352388748254,-76.9976092502475,1,1,24,2,06:00:00,21:00:00,yes,yes,06:00:00,21:00:00,2,2,1,1,1,Gran Mercado Mayorista De Lima,Carro particular,,2,25,33,1,3,Los clientes piden FyVs,,Otros,,,Vende frutas y verduras,False,SANTIAGO DE SURCO,19.596,539.825313864154,MA,17126,0.073298195,3,center_lima,6,0,0,21,0,0,6,0,0,21,0,0,1,POINT (-76.9440259382289 -12.03877685),-76.9440259382289,-12.03877685,39.4666666666667,12.2583778266667
182,-12.1358773974673,-77.0044311136007,1,1,36,1,07:00:00,22:00:00,yes,no,09:00:00,20:00:00,2,4,1,0,7,Gran Mercado Mayorista De Lima,Carro particular,,7,80,22,0,6,Otros,Es rentable ,Otros,,,Vende frutas y verduras,False,SANTIAGO DE SURCO,18.572,413.12671261864,AL,17126,0.073298195,3,center_lima,7,0,0,22,0,0,9,0,0,20,0,0,1,POINT (-76.9440259382289 -12.03877685),-76.9440259382289,-12.03877685,41.65,12.93397212
183,-12.1352841090259,-77.0041179656982,1,1,18,2,07:00:00,20:00:00,yes,no,08:00:00,18:00:00,2,3,1,0,3,Gran Mercado Mayorista De Lima,Carro particular,,3,300,17,1,6,Los clientes piden FyVs,,Otros,,,Vende frutas y verduras,False,SANTIAGO DE SURCO,20.446,434.723196625128,AL,17126,0.073298195,3,center_lima,7,0,0,20,0,0,8,0,0,18,0,0,1,POINT (-76.9440259382289 -12.03877685),-76.9440259382289,-12.03877685,41.65,12.93623966
184,-12.0156054,-76.9885989,1,1,25,,,,,,,,9,3,2,0,3,Gran Mercado Mayorista De Lima,Carro particular,,3,8,15,0,1,Otros,,Otros,,,Vende frutas y verduras,False,SAN JUAN DE LURIGANCHO,9.943,428.337386359386,ME,16925,0.072593552,1,east_lima,,,,,,,,,,,,,1,POINT (-76.9440259382289 -12.03877685),-76.9440259382289,-12.03877685,32.4833333333333,10.0818643633333
185,-12.0159568531427,-76.9886759664971,1,1,28,,,,,,,,2,1,2,2,2,Gran Mercado Mayorista De Lima,Van,,2,5,21,0,30,Otros,,Otros,,237.551422119141,Vende frutas y verduras,False,SAN JUAN DE LURIGANCHO,9.832,426.498482550656,ME,16925,0.072593552,1,east_lima,,,,,,,,,,,,,1,POINT (-76.9440259382289 -12.03877685),-76.9440259382289,-12.03877685,31.7833333333333,10
186,-12.0233808763452,-76.9861732103552,1,1,16,,,,,,,,2,1,3,0,3,Gran Mercado Mayorista De Lima,Transporte publico,,2,15,25,0,20,Otros,,Otros,,240.056533813477,Vende frutas y verduras,False,SAN JUAN DE LURIGANCHO,9.425,68.5358945626645,ME,20326,0.065385598,4,east_lima,,,,,,,,,,,,,1,POINT (-76.9440259382289 -12.03877685),-76.9440259382289,-12.03877685,29.5833333333333,10
187,-12.0065308,-76.9922337,1,1,6,,,,,,,,10,1,2,,3,Gran Mercado Mayorista De Lima,Transporte publico,,3,5,6,1,1,Los clientes piden FyVs,,Otros,,257.752075195312,Vende frutas y verduras,False,SAN JUAN DE LURIGANCHO,10.754,626.325704071669,MB,14273,0.056375964,4,east_lima,,,,,,,,,,,,,1,POINT (-76.9440259382289 -12.03877685),-76.9440259382289,-12.03877685,35.7666666666667,11.1006790066667
188,-12.2256786,-76.9583803,1,1,9,,,,,,,,7,7,1,0,6,Gran Mercado Mayorista De Lima,Carro particular,,14,35,12,1,10,Otros,No hay un mercado cerca,Otros,,149,Vende frutas y verduras,True,VILLA EL SALVADOR,28.972,1284.77048464518,MB,2298,0.089241285,1,south_lima,,,,,,,,,,,,,1,POINT (-76.9440259382289 -12.03877685),-76.9440259382289,-12.03877685,50.4666666666667,15.6797227866667
189,-12.0105393,-76.9772307,1,1,9,,,,,,,,4,1,1,0,1,Gran Mercado Mayorista De Lima,Transporte publico,,2,20,4,1,2.74906673440146,Otros,Porque cree que le puede generar más ingresos,Otros,,297.899993896484,Vende frutas y verduras,True,SAN JUAN DE LURIGANCHO,11.281,1062.13880244637,ME,14704,0.064131851,4,east_lima,,,,,,,,,,,,,1,POINT (-76.9440259382289 -12.03877685),-76.9440259382289,-12.03877685,34.4833333333333,10.7034833433333
190,-12.0009736,-76.9857732,1,1,6,,,,,,,,2,2,2,0,6,Gran Mercado Mayorista De Lima,Carro particular,,6,24,11,1,1,Otros,Parasurtir negocio,Otros,,347,Vende frutas y verduras,True,SAN JUAN DE LURIGANCHO,12.154,1402.05682237192,MB,14273,0.056375964,4,east_lima,,,,,,,,,,,,,1,POINT (-76.9440259382289 -12.03877685),-76.9440259382289,-12.03877685,41.8833333333333,12.9985396733333
191,-12.0019853,-76.9862953,1,1,6,,,,,,,,3,1,1,0,1,Gran Mercado Mayorista De Lima,Taxi,,2,60,21,1,10,Los clientes piden FyVs,,Otros,,,Vende frutas y verduras,True,SAN JUAN DE LURIGANCHO,11.91,1312.86240787475,MB,14273,0.056375964,4,east_lima,,,,,,,,,,,,,1,POINT (-76.9440259382289 -12.03877685),-76.9440259382289,-12.03877685,40.6333333333333,12.6107444333333
192,-12.0021199,-76.9862103,1,1,6,1,,,,,,,2,1,1,0,1,Gran Mercado Mayorista De Lima,Taxi,,2,60,21,1,5,Los clientes piden FyVs,,Otros,,,Vende frutas y verduras,True,SAN JUAN DE LURIGANCHO,11.893,1317.63622014691,MB,14273,0.056375964,4,east_lima,,,,,,,,,,,,,1,POINT (-76.9440259382289 -12.03877685),-76.9440259382289,-12.03877685,40.5,12.56939053
193,-12.1183546940275,-77.0255713263243,1,1,1,2,07:00:00,15:00:00,yes,yes,07:00:00,15:00:00,0,5,1,0,5,Mercado de Surquillo,Otros,Bicicleta,7,8,10,0,1,Es fácil adquirir FyVs,,Otros,,104.530256916668,Vende frutas y verduras,False,SURQUILLO,1.433,25.6847268762907,MA,36397,0.052855204,6,center_lima,7,0,0,15,0,0,7,0,0,15,0,0,1,POINT (-77.0170138 -12.1167752),-77.0170138,-12.1167752,5.91666666666667,10
194,-12.1004714,-77.0303379,1,0,20,2,07:30:00,21:30:00,yes,no,07:30:00,12:30:00,5,0,3,0,2,Mercado de Surquillo,Taxi,,2,9,3,0,0.5,Es fácil adquirir FyVs,,Otros,,135.400009155273,Vende solo frutas,True,SAN ISIDRO,4.301,1198.57099014194,MA,18539,0.054230961,3,,7,30,0,21,30,0,7,30,0,12,30,0,1,POINT (-77.0170138 -12.1167752),-77.0170138,-12.1167752,11.4166666666667,10
195,-12.1008491568153,-77.0308465138078,1,1,21,2,07:00:00,22:00:00,yes,yes,08:00:00,10:00:00,10,0,1,0,1,Mercado de Surquillo,Taxi,,1,20,15,0,1,Los clientes piden FyVs,,Otros,,,Vende frutas y verduras,True,SAN ISIDRO,3.233,1192.32931490153,AL,18539,0.054230961,3,,7,0,0,22,0,0,8,0,0,10,0,0,1,POINT (-77.0170138 -12.1167752),-77.0170138,-12.1167752,12.5666666666667,10
196,-12.0961552981362,-77.0315073430538,1,1,12,2,07:30:00,22:30:00,yes,no,08:00:00,22:00:00,8,3,2,0,4,Mercado de Surquillo,Taxi,,3,25,18,0,3,Los clientes piden FyVs,,Otros,,,Vende frutas y verduras,False,SAN ISIDRO,3.777,939.410975960737,MA,16029,0.0429534,6,,7,30,0,22,30,0,8,0,0,22,0,0,1,POINT (-77.0170138 -12.1167752),-77.0170138,-12.1167752,14.7,10
197,-12.0961737,-77.0315519,1,1,30,2,06:30:00,22:30:00,yes,yes,,,16,2,1,0,2,Mercado de Surquillo,Carro particular,,2,18,11,0,1,Los clientes piden FyVs,,Otros,,137.969482421875,Vende frutas y verduras,False,SAN ISIDRO,3.759,943.66391466034,MA,16029,0.0429534,6,,6,30,0,22,30,0,,,,,,,1,POINT (-77.0170138 -12.1167752),-77.0170138,-12.1167752,14.55,10
198,-12.11890102768,-77.0253195807073,1,1,8,2,08:00:00,18:30:00,yes,yes,,,0,1,1,0,1,Mercado de Frutas de San Luis,Transporte publico,,1,50,20,0,2.70986532579966,Es fácil adquirir FyVs,,Otros,,107.456680806202,Vende frutas y verduras,False,SURQUILLO,11.042,79.5854272194192,ME,36397,0.052855204,6,center_lima,8,0,0,18,30,0,,,,,,,1,POINT (-76.9983979208904 -12.068607),-76.9983979208904,-12.068607,20.0166666666667,10
199,-12.118443992924,-77.0247727516611,1,0,1,1,22:00:00,17:30:00,yes,yes,,,0,1,1,0,1,Mercado de Frutas de San Luis,Taxi,,1,15,5,0,3,Los clientes piden FyVs,,Otros,,110.62291104262,Vende solo frutas,False,SURQUILLO,11.172,38.2827807014984,ME,36397,0.052855204,6,center_lima,22,0,0,17,30,0,,,,,,,1,POINT (-76.9983979208904 -12.068607),-76.9983979208904,-12.068607,20.7833333333333,10
200,-12.0624891808369,-76.9583298918576,1,1,20,1,08:00:00,22:00:00,yes,no,08:00:00,18:00:00,1,3,1,0,3,Mercado de Frutas de San Luis,Carro particular,,3,250,20,0,10,Los clientes piden FyVs,,Otros,,254.154015069467,Vende frutas y verduras,False,LA MOLINA,5.712,678.097615343752,AL,14212,0.07278444,2,east_lima,8,0,0,22,0,0,8,0,0,18,0,0,1,POINT (-76.9983979208904 -12.068607),-76.9983979208904,-12.068607,17.4666666666667,10
201,-12.0624476904162,-76.9580801111431,1,1,24,1,07:00:00,22:00:00,yes,yes,,,1,3,1,0,3,Mercado de Frutas de San Luis,Taxi,,3,100,12,1,5,Los clientes piden FyVs,,Otros,,255.049188373737,Vende frutas y verduras,False,LA MOLINA,5.74,683.260535049279,AL,18540,0.066106913,2,east_lima,7,0,0,22,0,0,,,,,,,1,POINT (-76.9983979208904 -12.068607),-76.9983979208904,-12.068607,17.5166666666667,10
202,-12.0755135375943,-77.0773724466562,1,0,12,3,06:00:00,21:00:00,yes,no,08:00:00,07:00:00,3,0,1,0,3,Mercado San Miguel,Taxi,,3,20,4,0,1,Los clientes piden FyVs,,Otros,,,Vende solo frutas,False,PUEBLO LIBRE,2.379,329.921700073007,AL,10355,0.061360781,6,center_lima,6,0,0,21,0,0,8,0,0,7,0,0,1,POINT (-77.09048012241151 -12.08616775),-77.0904801224115,-12.08616775,10.0833333333333,10
203,-12.075410918214,-77.0765523612499,1,0,12,3,06:00:00,21:00:00,yes,no,08:00:00,07:00:00,3,0,1,0,3,Mercado San Miguel,Taxi,,3,20,4,0,1,Los clientes piden FyVs,,Otros,,,Vende solo frutas,False,PUEBLO LIBRE,3.25,308.759260652854,MA,14179,0.044765346,4,center_lima,6,0,0,21,0,0,8,0,0,7,0,0,1,POINT (-77.09048012241151 -12.08616775),-77.0904801224115,-12.08616775,12.6333333333333,10
204,-12.0807401889721,-77.0819928869605,1,1,18,2,06:30:00,22:00:00,yes,no,07:30:00,22:30:00,4,2,1,0,2,Mercado San Miguel,Carro particular,,2,60,10,0,1,Los clientes piden FyVs,,Otros,,,Vende frutas y verduras,False,SAN MIGUEL,1.555,441.647062417298,MA,13644,0.051945007,5,center_lima,6,30,0,22,0,0,7,30,0,22,30,0,1,POINT (-77.09048012241151 -12.08616775),-77.0904801224115,-12.08616775,5.7,10
205,-12.0807401889721,-77.0819928869605,1,1,18,2,06:30:00,22:00:00,yes,no,07:30:00,22:30:00,4,2,1,0,2,Mercado San Miguel,Carro particular,,2,60,10,0,1,Los clientes piden FyVs,,Otros,,,Vende frutas y verduras,False,SAN MIGUEL,1.555,441.647062417298,MA,13644,0.051945007,5,center_lima,6,30,0,22,0,0,7,30,0,22,30,0,1,POINT (-77.09048012241151 -12.08616775),-77.0904801224115,-12.08616775,5.7,10
206,-12.075410918214,-77.0765523612499,1,0,12,3,06:00:00,21:00:00,yes,no,08:00:00,07:00:00,3,0,1,0,3,Mercado San Miguel,Taxi,,3,20,4,0,1,Los clientes piden FyVs,,Otros,,,Vende solo frutas,False,PUEBLO LIBRE,3.25,308.759260652854,MA,14179,0.044765346,4,center_lima,6,0,0,21,0,0,8,0,0,7,0,0,1,POINT (-77.09048012241151 -12.08616775),-77.0904801224115,-12.08616775,12.6333333333333,10
207,-12.1458148956412,-77.0213584509464,1,1,24,2,08:00:00,20:00:00,yes,yes,08:00:00,20:00:00,0,0,1,0,1,Mercado Barranco,Transporte publico,,1,30,20,0,3,Es fácil adquirir FyVs,,Otros,,,Vende frutas y verduras,False,BARRANCO,1.143,150.256418810177,MA,17390,0.055573019,3,center_lima,8,0,0,20,0,0,8,0,0,20,0,0,1,POINT (-77.0156768084626 -12.14205085),-77.0156768084626,-12.14205085,5.68333333333333,10
208,-12.1503868047261,-77.0204590727361,1,1,18,3,08:00:00,23:00:00,yes,yes,08:00:00,23:00:00,0,3,2,0,2,Mercado Barranco,Carro particular,,2,30,15,1,2,Los clientes piden FyVs,,Otros,,,Vende frutas y verduras,False,BARRANCO,1.823,287.004178486612,MA,17390,0.055573019,3,center_lima,8,0,0,23,0,0,8,0,0,23,0,0,1,POINT (-77.0156768084626 -12.14205085),-77.0156768084626,-12.14205085,8.91666666666667,10
209,-12.1501630079114,-77.0205951948436,1,0,10,2,08:00:00,23:00:00,yes,yes,08:00:00,23:00:00,0,0,1,0,1,Mercado Barranco,Transporte publico,,1,20,18,0,2,Es fácil adquirir FyVs,,Otros,,,Vende solo frutas,False,BARRANCO,1.852,295.514770425828,AL,17390,0.055573019,3,center_lima,8,0,0,23,0,0,8,0,0,23,0,0,1,POINT (-77.0156768084626 -12.14205085),-77.0156768084626,-12.14205085,9.03333333333333,10
210,-12.1373636959763,-77.0208936514278,1,1,4,1,18:30:00,21:30:00,yes,yes,18:30:00,21:30:00,0,7,2,0,3,Mercado Barranco,Carro particular,,2,20,15,0,2,Los clientes piden FyVs,,Otros,,,Vende frutas y verduras,False,BARRANCO,1.367,5.59212408984555,ME,23788,0.051330796,2,center_lima,18,30,0,21,30,0,18,30,0,21,30,0,1,POINT (-77.0156768084626 -12.14205085),-77.0156768084626,-12.14205085,5.86666666666667,10
211,-12.1467113820949,-77.0202890877398,1,1,12,3,08:00:00,23:00:00,yes,no,11:00:00,22:00:00,1,2,1,1,2,Mercado Barranco,Carro particular,,2,20,15,0,1,Es fácil adquirir FyVs,,Otros,,,Vende frutas y verduras,False,BARRANCO,0.961,73.1574138228712,MA,17390,0.055573019,3,center_lima,8,0,0,23,0,0,11,0,0,22,0,0,1,POINT (-77.0156768084626 -12.14205085),-77.0156768084626,-12.14205085,4.65,10
212,-12.1547413140632,-77.0208428800106,1,1,12,2,06:00:00,19:30:00,yes,no,09:00:00,18:00:00,0,3,2,1,2,Mercado Barranco,Taxi,,2,15,10,0,2,Los clientes piden FyVs,,Otros,,,Vende frutas y verduras,False,BARRANCO,2.494,64.0492959420505,MA,9509,0.058853373,2,center_lima,6,0,0,19,30,0,9,0,0,18,0,0,1,POINT (-77.0156768084626 -12.14205085),-77.0156768084626,-12.14205085,11.3,10
213,-12.1414116332943,-77.0220304280519,1,1,15,3,08:00:00,23:00:00,yes,yes,08:00:00,23:00:00,1,2,1,0,2,Mercado Barranco,Carro particular,,2,15,8,0,1,No hay otros sitios cerca que ofrezcan FyVs,,Otros,,,Vende frutas y verduras,False,BARRANCO,1.101,470.219800963322,MA,23788,0.051330796,2,center_lima,8,0,0,23,0,0,8,0,0,23,0,0,1,POINT (-77.0156768084626 -12.14205085),-77.0156768084626,-12.14205085,5.23333333333333,10
214,-12.1483040526619,-77.0202727516943,1,0,4,4,08:00:00,23:00:00,yes,yes,08:00:00,23:00:00,8,3,2,0,1,Mercado Barranco,Carretilla,,1,30,15,1,1,Es fácil adquirir FyVs,,Otros,,,Vende solo frutas,False,BARRANCO,2.21,149.56037052881,MA,17390,0.055573019,3,center_lima,8,0,0,23,0,0,8,0,0,23,0,0,1,POINT (-77.0156768084626 -12.14205085),-77.0156768084626,-12.14205085,8.66666666666667,10
215,-12.155567595942,-77.0215016975999,0,1,12,2,08:00:00,22:30:00,yes,no,08:00:00,15:00:00,2,1,1,0,1,Mercado San Martin de Porres,Transporte publico,,1,20,8,0,1,Los clientes piden FyVs,,Otros,,,Vende solo verduras,False,BARRANCO,22.545,52.7225722260121,MA,9509,0.058853373,2,center_lima,8,0,0,22,30,0,8,0,0,15,0,0,1,POINT (-77.07631638365849 -11.9956755),-77.0763163836585,-11.9956755,49.5166666666667,15.3774461166667
216,-12.1556164320378,-77.0215898752213,1,1,40,3,08:00:00,22:00:00,yes,yes,08:00:00,22:00:00,3,2,1,0,2,Mercado Los Pazos,Van,,2,35,20,1,4,Los clientes piden FyVs,,Otros,,,Vende frutas y verduras,False,BARRANCO,2.014,63.373016506197,MA,9509,0.058853373,2,center_lima,8,0,0,22,0,0,8,0,0,22,0,0,1,POINT (-77.0166305523806 -12.15008965),-77.0166305523806,-12.15008965,7.78333333333333,10
217,-12.0896052,-77.049238,1,1,12,2,07:00:00,22:30:00,yes,no,09:00:00,17:00:00,2,3,1,1,1,Mercado Caquetá,Carro particular,,1,10,10,0,2,Los clientes piden FyVs,,Otros,,109.3779296875,Vende frutas y verduras,False,SAN ISIDRO,9.403,766.453621866517,AL,29853,0.058317025,3,,7,0,0,22,30,0,9,0,0,17,0,0,1,POINT (-77.04347801631221 -12.0349709),-77.0434780163122,-12.0349709,29.8166666666667,10
218,-12.0966984,-77.0535241,1,1,81,7,09:00:00,20:00:00,no,,,,,,1,7,0,Mercado Lurin,Camion simple,,7,40,20,1,-0.533413451997764,Los clientes piden FyVs,,Otros,,103.110412597656,Vende frutas y verduras,True,SAN ISIDRO,35.615,1344.37092848289,MA,29853,0.058317025,3,,9,0,0,20,0,0,,,,,,,1,POINT (-76.91094375799091 -12.23682085),-76.9109437579909,-12.23682085,49.5666666666667,15.4087608166667
219,-12.05906115,-76.95933983,1,1,6,1,07:00:00,22:00:00,yes,yes,,,2,2,1,0,1,Mercado de Santa Anita,Carretilla,,1,40,10,1,5,Los clientes piden FyVs,,Otros,,,Vende frutas y verduras,False,ATE,2.672,381.049882852008,ME,18540,0.066106913,2,east_lima,7,0,0,22,0,0,,,,,,,1,POINT (-76.95743400000001 -12.043319),-76.957434,-12.043319,8.2,10
220,-12.133580282169,-77.0138352736831,1,1,36,2,07:00:00,11:00:00,yes,no,07:00:00,08:00:00,,,1,0,3,Mercado de Santa Anita,Carro particular,,3,90,26,0,9,Los clientes piden FyVs,,Otros,,,Vende frutas y verduras,False,SANTIAGO DE SURCO,18.049,870.722968942652,MA,32535,0.054507853,3,center_lima,7,0,0,11,0,0,7,0,0,8,0,0,1,POINT (-76.95743400000001 -12.043319),-76.957434,-12.043319,36.7,11.39883929
221,-12.1334213058485,-77.0162217691541,1,1,35,2,06:00:00,09:00:00,yes,yes,06:00:00,09:00:00,2,3,1,0,2,Mercado de Santa Anita,Taxi,,2,70,21,0,5,Los clientes piden FyVs,,Otros,,,Vende frutas y verduras,False,SANTIAGO DE SURCO,17.959,665.073777400723,MA,32535,0.054507853,3,center_lima,6,0,0,9,0,0,6,0,0,9,0,0,1,POINT (-76.95743400000001 -12.043319),-76.957434,-12.043319,35.5666666666667,11.0473970566667
222,-12.055557263095,-76.9559909217776,1,1,12,2,06:00:00,23:00:00,yes,yes,,,1,3,1,,1,Mercado Productores,Taxi,,1,200,15,1,20,Los clientes piden FyVs,,Otros,,272.360599517822,Vende frutas y verduras,False,ATE,18.273,319.108201938283,MB,11193,0.06780949,2,east_lima,6,0,0,23,0,0,,,,,,,1,POINT (-77.0581236407222 -12.00994815),-77.0581236407222,-12.00994815,32.3666666666667,10.0557769966667
223,-12.0105127,-76.978773,1,1,12,,,,,,,,4,2,1,0,3,Mercado Productores,Otros,,2,60,13,1,1,Otros,,Otros,,273,Vende frutas y verduras,False,SAN JUAN DE LURIGANCHO,13.868,944.990312145983,ME,14704,0.064131851,4,east_lima,,,,,,,,,,,,,1,POINT (-77.0581236407222 -12.00994815),-77.0581236407222,-12.00994815,27.35,10
224,-12.13053743,-76.98732667,1,1,35,2,06:30:00,22:00:00,yes,yes,06:30:00,22:15:00,3,2,1,0,2,Mercado Central,Carro particular,,2,20,29,0,2,Los clientes piden FyVs,,Otros,,,Vende frutas y verduras,True,SANTIAGO DE SURCO,16.714,1168.4455011859,AL,11097,0.052256639,2,center_lima,6,30,0,22,0,0,6,30,0,22,15,0,1,POINT (-77.0275729 -12.0526789),-77.0275729,-12.0526789,26.1166666666667,10
225,-12.1324333560322,-76.9953582063317,1,1,36,2,07:00:00,22:00:00,yes,yes,07:00:00,22:00:00,1,2,1,2,2,Mercado Central,Taxi,,2,25,23,0,3.5,Los clientes piden FyVs,,Otros,,,Vende frutas y verduras,False,SANTIAGO DE SURCO,13.421,509.728718910327,AL,17126,0.073298195,3,center_lima,7,0,0,22,0,0,7,0,0,22,0,0,1,POINT (-77.0275729 -12.0526789),-77.0275729,-12.0526789,27.05,10
226,-12.1339411744538,-76.9987290725112,1,1,45,3,07:00:00,22:00:00,yes,yes,07:00:00,22:00:00,3,1,2,2,1,Mercado Central,Taxi,,2,35,30,1,2,Es fácil adquirir FyVs,,Otros,,,Vende frutas y verduras,False,SANTIAGO DE SURCO,13.026,565.080702440855,AL,17126,0.073298195,3,center_lima,7,0,0,22,0,0,7,0,0,22,0,0,1,POINT (-77.0275729 -12.0526789),-77.0275729,-12.0526789,26.0833333333333,10
227,-12.2253381,-76.9730975,1,0,6,,,,,,,,3,1,1,0,1,Mercado Tupac Amaru,Taxi,,1,8,4,1,1,Otros,,Otros,,12.0680343015119,Vende solo frutas,True,CHORRILLOS,26.887,2214.48452626102,ME,1423,0.143672014,1,south_lima,,,,,,,,,,,,,1,POINT (-76.9676588415842 -12.021932),-76.9676588415842,-12.021932,32.6333333333333,10.1488666033333
228,-12.2179632,-76.9437134,1,1,12,,,,,,,,6,1,1,0,2,Centro Comercial Plaza Villa Sur,Taxi,,2,6,7,1,1,Otros,Porque hay un colegio cerca,Otros,,158,Vende frutas y verduras,False,VILLA EL SALVADOR,1.419,380.028577990135,MB,8310,0.034458544,4,south_lima,,,,,,,,,,,,,1,POINT (-76.9333394128444 -12.2124381),-76.9333394128444,-12.2124381,4.9,10
229,-12.2234858,-76.9502555,1,1,16,,,,,,,,2,7,1,0,3,Centro Comercial Plaza Villa Sur,Otros,mototaxi,1,20,6,1,1,Otros,,Otros,,,Vende frutas y verduras,False,VILLA EL SALVADOR,2.495,505.33048184824,MB,2298,0.089241285,1,south_lima,,,,,,,,,,,,,1,POINT (-76.9333394128444 -12.2124381),-76.9333394128444,-12.2124381,7.38333333333333,10
230,-12.0109694,-76.9780258,1,1,16,,,,,,,,1,0,1,0,1,Mercado Central de Mangomarca,Transporte publico,,2,2,5,1,0.5,Otros,,Otros,,302.4,Vende frutas y verduras,False,SAN JUAN DE LURIGANCHO,1.223,965.967881718898,ME,14704,0.064131851,4,east_lima,,,,,,,,,,,,,1,POINT (-76.9849340518096 -12.016966),-76.9849340518096,-12.016966,4.15,10
231,-12.0111117,-76.9790913,1,1,15,,,,,,,,0,2,1,0,1,Mercado Central de Mangomarca,Otros,,1,5,7,0,1.83092672552602,Otros,,Otros,,273.2,Vende frutas y verduras,False,SAN JUAN DE LURIGANCHO,1.085,872.623184509471,ME,14704,0.064131851,4,east_lima,,,,,,,,,,,,,1,POINT (-76.9849340518096 -12.016966),-76.9849340518096,-12.016966,3.65,10
232,-12.0079052,-76.9753473,1,1,6,,,,,,,,6,6,2,0,6,Mercado Central de Mangomarca,Transporte publico,,,30,6,1,1,Otros,Para surtir el negocio ,Otros,,319,Vende frutas y verduras,True,SAN JUAN DE LURIGANCHO,1.747,1411.23345489881,ME,8576,0.13557423,1,east_lima,,,,,,,,,,,,,1,POINT (-76.9849340518096 -12.016966),-76.9849340518096,-12.016966,6.06666666666667,10
233,-12.0117046,-76.9792947,1,1,12,,,,,,,,7,0,1,0,1,Mercado El Bosque,Taxi,,1,28,11,0,-0.323970961322011,Otros,,Otros,,,Vende frutas y verduras,False,SAN JUAN DE LURIGANCHO,5.086,809.965244531977,ME,14704,0.064131851,4,east_lima,,,,,,,,,,,,,1,POINT (-77.01317955517629 -12.0305176),-77.0131795551763,-12.0305176,12.6166666666667,10
234,-12.0120413,-76.9817448,1,0,,,,,,,,,1,1,1,0,1,Mercado La Laguna,Transporte publico,,2,4,1,0,4.00641450298362,Otros,,Otros,,271.4,Vende solo frutas,False,SAN JUAN DE LURIGANCHO,15.569,617.176941546295,MA,14704,0.064131851,4,east_lima,,,,,,,,,,,,,1,POINT (-76.90463819999999 -12.0384654),-76.9046382,-12.0384654,35.7166666666667,11.0910051566667
235,-12.2111389,-76.9462223,1,0,4,,,,,,,,1,1,1,0,2,Mercado Modelo de Villa el Salvador,Otros,,1,2,4,0,0.25,Otros,la gente pide para lonchera,Otros,,0,Vende solo frutas,False,VILLA EL SALVADOR,0.627,308.455861275735,MB,8310,0.034458544,4,south_lima,,,,,,,,,,,,,1,POINT (-76.94693884348349 -12.2086283),-76.9469388434835,-12.2086283,2.68333333333333,10
236,-12.0045628,-76.9944415,1,0,21,,,,,,,,10,0,1,0,2,Mercado Vencedores,Otros,moto,,1,5,1,5.30724098093796,Los clientes piden FyVs,,Otros,,280.1044921875,Vende solo frutas,False,SAN JUAN DE LURIGANCHO,1.746,381.796678564385,ME,22562,0.051028569,4,east_lima,,,,,,,,,,,,,1,POINT (-77.00026978768039 -11.99808205),-77.0002697876804,-11.99808205,6.1,10
237,-12.0042675,-76.9931452,1,0,4,,,,,,,,1,3,1,0,2,Mercado Vencedores,Otros,mototaxi,2,2,3,0,3.61314367616149,Los clientes piden FyVs,,Otros,,262.447570800781,Vende solo frutas,False,SAN JUAN DE LURIGANCHO,1.943,526.72169751161,MB,14273,0.056375964,4,east_lima,,,,,,,,,,,,,1,POINT (-77.00026978768039 -11.99808205),-77.0002697876804,-11.99808205,6.98333333333333,10
238,-12.005023,-76.9928254,1,1,4,,,,,,,,2,0,1,0,3,Mercado Vencedores,Otros,mototaxi,3,5,5,1,1,Los clientes piden FyVs,,Otros,,268.01806640625,Vende frutas y verduras,False,SAN JUAN DE LURIGANCHO,1.431,549.078682154933,MB,14273,0.056375964,4,east_lima,,,,,,,,,,,,,1,POINT (-77.00026978768039 -11.99808205),-77.0002697876804,-11.99808205,4.56666666666667,10
239,-12.0083426,-76.9920604,1,1,12,,,,,,,,5,0,2,0,2,Mercado Vencedores,Carro particular,,2,3,6,1,1,Los clientes piden FyVs,,Otros,,275.0234375,Vende frutas y verduras,False,SAN JUAN DE LURIGANCHO,2.267,713.183881542164,ME,16925,0.072593552,1,east_lima,,,,,,,,,,,,,1,POINT (-77.00026978768039 -11.99808205),-77.0002697876804,-11.99808205,5.86666666666667,10
240,-12.0026407,-76.9952361,1,0,4,,,,,,,,3,0,1,0,6,Mercado Vencedores,Otros,mototaxi,,1,3,1,1.48506273166305,Los clientes piden FyVs,,Otros,,237.3515625,Vende solo frutas,False,SAN JUAN DE LURIGANCHO,1.076,413.311916785769,MB,22562,0.051028569,4,east_lima,,,,,,,,,,,,,1,POINT (-77.00026978768039 -11.99808205),-77.0002697876804,-11.99808205,4.03333333333333,10
241,-12.0012944,-76.9857206,1,1,6,,,,,,,,3,1,2,0,3,Mercado Vencedores,Carro particular,,3,40,8,1,1,Los clientes piden FyVs,,Otros,,338.485107421875,Vende frutas y verduras,True,SAN JUAN DE LURIGANCHO,2.463,1395.6416064421,MB,14273,0.056375964,4,east_lima,,,,,,,,,,,,,1,POINT (-77.00026978768039 -11.99808205),-77.0002697876804,-11.99808205,9.18333333333333,10
242,-12.0019007,-76.9856227,0,1,6,1,,,,,,,2,4,2,0,4,Mercado Vencedores,Transporte publico,,8,15,6,1,1,Otros,surtir el negocio,Otros,,310,Vende solo verduras,True,SAN JUAN DE LURIGANCHO,2.39,1385.82686905876,MB,14273,0.056375964,4,east_lima,,,,,,,,,,,,,1,POINT (-77.00026978768039 -11.99808205),-77.0002697876804,-11.99808205,8.81666666666667,10
243,-12.0024209,-76.985376,1,1,16,1,,,,,,,2,2,2,0,3,Mercado Vencedores,Otros,mototaxi,3,10,5,0,5.9179965830895,Los clientes piden FyVs,,Otros,,347.423034667969,Vende frutas y verduras,True,SAN JUAN DE LURIGANCHO,2.428,1397.25214651053,MB,14273,0.056375964,4,east_lima,,,,,,,,,,,,,1,POINT (-77.00026978768039 -11.99808205),-77.0002697876804,-11.99808205,9.11666666666667,10
244,-12.0024173,-76.9853923,1,1,16,1,,,,,,,2,2,2,0,3,Mercado Vencedores,Otros,mototaxi,3,10,5,0,2.91313667984267,Los clientes piden FyVs,,Otros,,347.510375976562,Vende frutas y verduras,True,SAN JUAN DE LURIGANCHO,2.428,1395.61732695172,MB,14273,0.056375964,4,east_lima,,,,,,,,,,,,,1,POINT (-77.00026978768039 -11.99808205),-77.0002697876804,-11.99808205,9.11666666666667,10
245,-12.0039867,-76.9849793,1,1,6,1,,,,,,,0,3,1,0,3,Mercado Vencedores,Otros,mototaxi,6,40,12,1,3,Los clientes piden FyVs,,Otros,,362,Vende frutas y verduras,True,SAN JUAN DE LURIGANCHO,2.524,1410.54259391464,MB,14273,0.056375964,4,east_lima,,,,,,,,,,,,,1,POINT (-77.00026978768039 -11.99808205),-77.0002697876804,-11.99808205,9.55,10
246,-12.0047292,-76.9847364,1,0,6,1,,,,,,,0,1,1,0,2,Mercado Vencedores,Otros,mototaxi,4,18,6,0,2,Los clientes piden FyVs,,Otros,,377,Vende solo frutas,True,SAN JUAN DE LURIGANCHO,2.619,1332.16348153561,MB,14273,0.056375964,4,east_lima,,,,,,,,,,,,,1,POINT (-77.00026978768039 -11.99808205),-77.0002697876804,-11.99808205,10.05,10
247,-12.0023212,-76.9847343,1,0,6,1,,,,,,,0,4,1,0,2,Mercado Vencedores,Otros,mototaxi,4,21,7,1,1,Otros,para surtir el negocio,Otros,,395,Vende solo frutas,True,SAN JUAN DE LURIGANCHO,2.504,1467.81236609888,MB,14273,0.056375964,4,east_lima,,,,,,,,,,,,,1,POINT (-77.00026978768039 -11.99808205),-77.0002697876804,-11.99808205,9.53333333333333,10
248,-12.0011079,-76.9839779,1,1,6,1,,,,,,,0,2,1,0,3,Mercado Vencedores,Transporte publico,,6,20,12,0,5,Otros,,Otros,,413,Vende frutas y verduras,True,SAN JUAN DE LURIGANCHO,2.656,1582.57944661966,MB,14273,0.056375964,4,east_lima,,,,,,,,,,,,,1,POINT (-77.00026978768039 -11.99808205),-77.0002697876804,-11.99808205,10.3,10
249,-12.0011104,-76.9864759,1,0,6,1,,,,,,,3,1,1,0,2,Mercado Vencedores,Otros,mototaxi,4,30,4,1,2,Los clientes piden FyVs,,Otros,,314,Vende solo frutas,True,SAN JUAN DE LURIGANCHO,2.479,1325.04881145346,MB,14273,0.056375964,4,east_lima,,,,,,,,,,,,,1,POINT (-77.00026978768039 -11.99808205),-77.0002697876804,-11.99808205,9.2,10
250,-12.2272784,-76.9579819,1,1,6,,,,,,,,0,1,2,0,1,Mercado José Carlos Mariategui,Transporte publico,,,5,3,1,1,Otros,Para surtir el negocio,Otros,,146,Vende frutas y verduras,True,VILLA EL SALVADOR,36.203,1276.17116912182,MB,2298,0.089241285,1,south_lima,,,,,,,,,,,,,1,POINT (-77.0010990802198 -11.9600977),-77.0010990802198,-11.9600977,65.8166666666667,20.4469722966667
251,-12.2197176,-76.9449154,1,0,6,,,,,,,,6,0,1,0,6,Mercado José Carlos Mariategui,Taxi,,,6,3,1,1,Otros,Porque los clientes piden frutas,Otros,,139,Vende solo frutas,False,VILLA EL SALVADOR,34.692,177.322909262146,MB,8310,0.034458544,4,south_lima,,,,,,,,,,,,,1,POINT (-77.0010990802198 -11.9600977),-77.0010990802198,-11.9600977,62.0166666666667,19.2671439866667
252,-12.2245356,-76.9497021,1,1,6,,,,,,,,4,3,2,0,3,Mercado José Carlos Mariategui,Transporte publico,,6,20,14,1,1,Otros,Por la temporada escolar y para surtir,Otros,,69,Vende frutas y verduras,False,VILLA EL SALVADOR,35.733,408.030517549197,MB,2298,0.089241285,1,south_lima,,,,,,,,,,,,,1,POINT (-77.0010990802198 -11.9600977),-77.0010990802198,-11.9600977,62.7,19.48023693
253,-12.0086373,-76.9767988,1,1,16,,,,,,,,4,3,1,0,3,Mercado Jorge Chavez,Taxi,,,45,12,1,3,Los clientes piden FyVs,,Otros,,306,Vende frutas y verduras,True,SAN JUAN DE LURIGANCHO,8.339,1243.15072766072,ME,14704,0.064131851,4,east_lima,,,,,,,,,,,,,1,POINT (-77.0077799954169 -12.0612351),-77.0077799954169,-12.0612351,27.7,10
254,-12.0012514,-76.9861437,1,1,12,,,,,,,,0,7,3,0,7,Mercado San Luis,Carro particular,,,50,12,1,5,Otros,para surtir el negocio,Otros,,341,Vende frutas y verduras,True,SAN JUAN DE LURIGANCHO,15.894,1353.66013455113,MB,14273,0.056375964,4,east_lima,,,,,,,,,,,,,1,POINT (-77.0044102 -12.0843519),-77.0044102,-12.0843519,35.1666666666667,10.9208984066667
